region,total_firms,food_agri_firms,n_dairy,n_meat_beef,n_meat_pork,n_meat_poultry,n_fruits_veg,n_fish,n_section_a,share_food_agri,share_agri_primary,share_dairy,share_meat_beef,share_meat_pork,share_meat_poultry,share_fruits_veg,share_fish,treatment_intensity_product,treatment_intensity_combined,year,region_rfsd,region_std
arkhangelsk,24074,1766,75,2,14,9,174,77,1093,0.07335714879122705,0.04540167815900972,0.04246885617214043,0.0011325028312570782,0.007927519818799546,0.005096262740656852,0.0985277463193658,0.04360135900339751,0.09501698754246887,0.006970175292847057,2013,arkhangelsk,arkhangelsk oblast
belgorod,34533,3437,62,9,42,35,671,60,1089,0.09952798772188921,0.03153505342715663,0.01803898748908932,0.002618562700029095,0.012219959266802444,0.010183299389002037,0.19522839685772475,0.017457084666860634,0.14368635437881871,0.014300813714418091,2013,belgorod,belgorod oblast
penza,25544,4210,337,17,91,64,933,97,2127,0.1648136548700282,0.0832680864390855,0.08004750593824228,0.0040380047505938245,0.02161520190023753,0.015201900237529691,0.22161520190023754,0.02304038004750594,0.1876722090261283,0.0309309426871281,2013,penza,penza oblast
khanty-mansijsk,39829,3051,28,3,12,3,475,160,1054,0.07660247558311784,0.026463129880238016,0.009177318911832186,0.0009832841691248771,0.003933136676499509,0.0009832841691248771,0.15568666011143886,0.05244182235332678,0.12151753523434938,0.00930854402570991,2013,khanty-mansijsk,khanty-mansijsk
khakasia,9110,952,42,1,3,6,130,32,377,0.10450054884742041,0.041383095499451156,0.04411764705882353,0.0010504201680672268,0.0031512605042016808,0.0063025210084033615,0.13655462184873948,0.03361344537815126,0.11628151260504199,0.012151481888035123,2013,khakasia,khakasia
kherson,814,469,3,0,1,2,432,5,445,0.5761670761670762,0.5466830466830467,0.006396588486140725,0.0,0.0021321961620469083,0.0042643923240938165,0.9211087420042644,0.010660980810234541,0.6053304904051173,0.3487714987714988,2013,kherson,kherson
krasnoyarsk,72347,6452,137,10,28,21,1027,118,2899,0.08918130675770937,0.04007077003884059,0.021233725976441412,0.0015499070055796653,0.0043397396156230625,0.003254804711717297,0.1591754494730316,0.01828890266584005,0.11834314941103534,0.010553996710298975,2013,krasnoyarsk,krasnoyarsk krai
luhansk,205,46,2,0,0,1,29,3,32,0.22439024390243903,0.15609756097560976,0.043478260869565216,0.0,0.0,0.021739130434782608,0.6304347826086957,0.06521739130434782,0.44782608695652176,0.10048780487804879,2013,luhansk,luhansk
buryatia,16344,2492,114,7,11,10,414,53,1141,0.15247185511502692,0.06981155163974548,0.045746388443017656,0.0028089887640449437,0.004414125200642055,0.0040128410914927765,0.16613162118780098,0.02126805778491172,0.13278491171749598,0.02024596182085169,2013,buryatia,buryatia
stavropol,42619,6151,78,13,22,49,1621,78,2162,0.14432530092212392,0.050728548300053966,0.012680864900016258,0.002113477483336043,0.003576654202568688,0.007966184360266623,0.26353438465290197,0.012680864900016258,0.18215737278491304,0.02628991764236608,2013,stavropol,stavropol krai
moscow reg.,242923,17743,403,59,49,67,4221,440,6141,0.07303960514237022,0.025279615351366483,0.02271318266358564,0.0033252550301527363,0.0027616524826692217,0.003776137068139548,0.23789663529279154,0.024798512089274645,0.1721101279377783,0.012570855785578148,2013,moscow reg.,moscow oblast
rostov,84458,10165,72,16,19,71,3122,209,3753,0.12035567974614601,0.04443628785905421,0.0070831283817019185,0.001574028529267093,0.001869158878504673,0.006984751598622725,0.30713231677324154,0.020560747663551402,0.21019183472700445,0.0252977811456582,2013,rostov,rostov oblast
murmansk,21043,2354,14,1,5,7,141,520,687,0.11186617877679038,0.032647436202062445,0.00594732370433305,0.0004248088360237893,0.0021240441801189465,0.002973661852166525,0.05989804587935429,0.22090059473237042,0.10836873406966865,0.012122796179252007,2013,murmansk,murmansk oblast
donetsk,2219,210,3,2,0,6,88,7,103,0.0946372239747634,0.046417305092383954,0.014285714285714285,0.009523809523809525,0.0,0.02857142857142857,0.41904761904761906,0.03333333333333333,0.29404761904761906,0.02782785038305543,2013,donetsk,donetsk
tula,38145,3533,92,8,13,22,972,32,1405,0.09262026477913225,0.03683313671516582,0.02604019247098783,0.0022643645626945937,0.003679592414378715,0.006227002547410133,0.27512029436739316,0.009057458250778375,0.19307953580526466,0.01788307772971556,2013,tula,tula oblast
nizhni novgorod,89854,6993,295,7,25,27,1230,109,2374,0.07782625147461437,0.02642063792374296,0.04218504218504218,0.001001001001001001,0.003575003575003575,0.003861003861003861,0.1758901758901759,0.015587015587015586,0.1354926354926355,0.01054488392280811,2013,nizhni novgorod,nizhny novgorod oblast
ryazan,30387,2851,109,6,17,19,505,48,1044,0.09382301642149603,0.03435679731464113,0.03823219922834093,0.002104524728165556,0.005962820063135742,0.006664328305857594,0.17713083128726761,0.01683619782532445,0.13658365485794458,0.01281469049264488,2013,ryazan,ryazan oblast
sankt-petersburg,392479,17993,41,9,4,15,502,307,1545,0.04584449104283286,0.003936516348645405,0.002278663924859668,0.0005001945200911466,0.00022230867559606515,0.0008336575334852443,0.027899738787306175,0.017062190851997998,0.024356694269993887,0.0011166202522937532,2013,sankt-petersburg,st. petersburg
oryol,14094,2019,35,5,9,12,668,20,857,0.143252447850149,0.060806016744714066,0.01733531451213472,0.0024764735017335313,0.004457652303120356,0.005943536404160475,0.3308568598315998,0.009905894006934125,0.2267211490837048,0.03247835958563928,2013,oryol,oryol
orenburg,37311,4856,83,13,26,39,1556,60,2481,0.13014928573342982,0.06649513548283348,0.017092257001647446,0.0026771004942339376,0.005354200988467875,0.008031301482701812,0.32042833607907745,0.012355848434925865,0.22117998352553545,0.028786416874380213,2013,orenburg,orenburg oblast
saratov,45813,5351,122,7,21,39,1436,80,1980,0.11680090803920284,0.043219173597013945,0.022799476733320875,0.001308166697813493,0.0039245000934404785,0.00728835731638946,0.2683610540085965,0.014950476546439918,0.18930106522145396,0.022110536310654183,2013,saratov,saratov oblast
bryansk,19260,2522,210,6,13,10,574,24,1117,0.13094496365524402,0.05799584631360332,0.08326724821570182,0.0023790642347343376,0.005154639175257732,0.003965107057890563,0.22759714512291832,0.00951625693893735,0.18241475019825534,0.023886292834890962,2013,bryansk,bryansk oblast
yakutia,22004,2672,318,4,14,7,312,158,1661,0.12143246682421378,0.07548627522268679,0.11901197604790419,0.0014970059880239522,0.005239520958083832,0.002619760479041916,0.11676646706586827,0.05913173652694611,0.13736901197604792,0.016681057989456464,2013,yakutia,yakutia
tambov,16033,3029,32,2,10,11,972,28,1258,0.18892284662882805,0.07846316971246803,0.010564542753383956,0.0006602839220864972,0.003301419610432486,0.0036315615714757345,0.32089798613403764,0.00924397490921096,0.21658963354242325,0.0409187301191293,2013,tambov,tambov oblast
sverdlovsk,197685,11516,209,25,26,32,1528,141,3166,0.058254293446644914,0.0160153780003541,0.018148662730114624,0.0021708926710663425,0.0022577283779089963,0.0027787426189649182,0.13268496005557484,0.012243834664814171,0.0977943730461966,0.005696942104863799,2013,sverdlovsk,sverdlovsk oblast
lipetzk,18620,2493,49,8,17,24,632,41,947,0.13388829215896886,0.05085929108485499,0.01965503409546731,0.003208985158443642,0.00681909346169274,0.009626955475330927,0.25350982751704776,0.016446048937023665,0.18054552747693542,0.02417293233082707,2013,lipetzk,lipetzk
karachaevo-chercessia,6370,1009,232,9,4,18,188,21,647,0.15839874411302982,0.10156985871271586,0.22993062438057482,0.008919722497522299,0.003964321110009911,0.017839444995044598,0.1863230921704658,0.02081268582755203,0.21372646184340932,0.033854003139717426,2013,karachaevo-chercessia,karachaevo-chercessia
altai terr.,50139,6766,200,24,21,25,1703,118,2538,0.1349448533078043,0.05061927840603123,0.029559562518474726,0.0035471475022169673,0.0031037540644398465,0.0036949453148093407,0.2516996748448123,0.01744014188590009,0.1813996452852498,0.02447894852310577,2013,altai terr.,altai krai
chechnya,8647,1457,77,2,1,20,561,8,1107,0.16849774488261826,0.1280212790563201,0.05284831846259437,0.0013726835964310226,0.0006863417982155113,0.013726835964310227,0.38503774879890185,0.00549073438572409,0.2729924502402197,0.0459986122354574,2013,chechnya,chechnya
north ossetia,10393,2035,222,7,20,71,770,27,1238,0.19580486866159916,0.11911863754450111,0.10909090909090909,0.0034398034398034397,0.009828009828009828,0.03488943488943489,0.3783783783783784,0.013267813267813268,0.29665847665847667,0.0580871740594631,2013,north ossetia,north ossetia
chelyabinsk,111074,7018,106,9,8,27,1247,176,2077,0.06318310315645426,0.018699245548013037,0.015104018238814477,0.0012824166429182104,0.001139925904816187,0.003847249928754631,0.17768595041322313,0.025078369905956112,0.12948845825021374,0.008181482615193475,2013,chelyabinsk,chelyabinsk oblast
smolensk,23163,3502,300,9,13,16,605,53,1662,0.1511893968829599,0.07175236368346069,0.08566533409480297,0.002569960022844089,0.0037121644774414622,0.004568817818389492,0.17275842375785266,0.01513420902341519,0.14907195888063965,0.022538099555325306,2013,smolensk,smolensk oblast
jewish ao,3174,378,5,0,2,2,118,13,205,0.11909262759924386,0.0645872715816005,0.013227513227513227,0.0,0.005291005291005291,0.005291005291005291,0.31216931216931215,0.03439153439153439,0.21997354497354496,0.02619722747321991,2013,jewish ao,jewish ao
tomsk,36356,2407,49,3,7,9,256,45,829,0.06620640334470239,0.022802288480580923,0.02035729123390112,0.0012463647694225177,0.0029081844619858743,0.003739094308267553,0.10635646032405484,0.018695471541337765,0.0834648940589946,0.00552591044119265,2013,tomsk,tomsk
ulyanovsk,25943,2569,66,3,14,18,617,38,1056,0.0990247851058089,0.040704621670585514,0.025690930323082912,0.0011677695601401323,0.005449591280653951,0.0070066173608407945,0.24017127286882056,0.01479174776177501,0.17224601012066953,0.017056624137532284,2013,ulyanovsk,ulyanovsk oblast
ivanovo,31757,2722,81,5,6,15,549,25,987,0.08571338602512832,0.031079761942248953,0.029757531227038943,0.0018368846436443791,0.002204261572373255,0.005510653930933138,0.20168993387215284,0.009184423218221896,0.14610580455547392,0.012523223226375288,2013,ivanovo,ivanovo
kabardino-balkaria,11346,1933,87,5,0,38,603,14,1052,0.17036841177507492,0.09271990128679711,0.04500775995861355,0.002586652871184687,0.0,0.01965856182100362,0.31195033626487323,0.007242628039317123,0.2242886704604242,0.03821170456548563,2013,kabardino-balkaria,kabardino-balkaria
chuvashia,21819,2371,79,7,9,13,585,39,878,0.10866675832989596,0.04024015766075439,0.03331927456769296,0.0029523407844791226,0.003795866722901729,0.005482918599746942,0.2467313369886124,0.016448755799240825,0.1794812315478701,0.0195036436133645,2013,chuvashia,chuvash republic
kaluga,25090,2575,187,6,15,9,725,46,1340,0.10263053009166999,0.05340773216420885,0.07262135922330097,0.002330097087378641,0.005825242718446602,0.003495145631067961,0.2815533980582524,0.017864077669902913,0.2163495145631068,0.022204065364687126,2013,kaluga,kaluga oblast
yaroslavl,48219,3389,261,3,13,22,395,48,1188,0.07028349820610133,0.024637590991103093,0.07701386839775745,0.0008852168781351431,0.0038359398052522867,0.006491590439657716,0.11655355562112718,0.01416347005016229,0.10911773384479198,0.00766917605093428,2013,yaroslavl,yaroslavl oblast
chukotka,929,117,1,0,1,1,3,16,62,0.12594187298170076,0.06673842841765339,0.008547008547008548,0.0,0.008547008547008548,0.008547008547008548,0.02564102564102564,0.13675213675213677,0.0641025641025641,0.008073196986006458,2013,chukotka,chukotka
bashkortostan,83846,7992,350,23,42,76,1840,117,3581,0.09531760608735063,0.04270925267752785,0.04379379379379379,0.002877877877877878,0.005255255255255256,0.00950950950950951,0.23023023023023023,0.01463963963963964,0.1728290790790791,0.016473654080099234,2013,bashkortostan,bashkortostan
tyumen,47630,3526,127,17,15,12,593,92,1239,0.07402897333613269,0.0260130170060886,0.03601815087918321,0.004821327283040272,0.004254112308564946,0.003403289846851957,0.1681792399319342,0.026091888825865002,0.13252977878615996,0.0098110434600042,2013,tyumen,tyumen oblast
nenets ao,852,101,4,0,0,0,2,11,44,0.11854460093896714,0.051643192488262914,0.039603960396039604,0.0,0.0,0.0,0.019801980198019802,0.10891089108910891,0.0594059405940594,0.007042253521126761,2013,nenets ao,nenets ao
kostroma,16375,1713,138,2,8,13,299,16,1060,0.10461068702290076,0.06473282442748092,0.08056042031523643,0.0011675423234092236,0.004670169293636894,0.007589025102159953,0.17454757734967893,0.009340338587273789,0.1470519556333917,0.015383206106870228,2013,kostroma,kostroma
pskov,14021,1724,167,2,6,12,371,95,1013,0.12295841951358676,0.07224876970258898,0.0968677494199536,0.001160092807424594,0.0034802784222737818,0.0069605568445475635,0.21519721577726217,0.055104408352668215,0.19251740139211138,0.0236716354040368,2013,pskov,pskov
kamchatka,11137,1968,12,0,8,4,61,982,1137,0.17670826973152554,0.10209212534793931,0.006097560975609756,0.0,0.0040650406504065045,0.0020325203252032522,0.030995934959349592,0.49898373983739835,0.17329776422764226,0.030623148065008526,2013,kamchatka,kamchatka
astrakhan,16409,2427,76,2,3,14,310,286,688,0.14790663660186484,0.04192821012858797,0.031314379892871856,0.0008240626287597857,0.0012360939431396785,0.0057684384013185,0.1277297074577668,0.11784095591264936,0.130716934487021,0.019333902126881592,2013,astrakhan,astrakhan
novgorod,13181,1184,110,0,15,12,185,72,790,0.08982626507852212,0.05993475457097337,0.0929054054054054,0.0,0.01266891891891892,0.010135135135135136,0.15625,0.060810810810810814,0.15701013513513515,0.01410363401866323,2013,novgorod,novgorod
leningrad,35128,3191,161,8,34,52,737,188,1901,0.09083921657936689,0.05411637440218629,0.050454403008461296,0.0025070510811657787,0.01065496709495456,0.01629583202757756,0.23096208085239736,0.0589157004073958,0.1911939830774052,0.01736791163744022,2013,leningrad,leningrad oblast
kalmykia,8815,1063,73,2,3,4,181,29,496,0.12058990357345434,0.056267725467952355,0.06867356538099718,0.0018814675446848542,0.0028222013170272815,0.0037629350893697085,0.1702728127939793,0.027281279397930385,0.14463781749764817,0.01744186046511628,2013,kalmykia,kalmykia
amur,13524,1346,17,0,4,7,348,12,704,0.09952676722863059,0.05205560485063591,0.01263001485884101,0.0,0.0029717682020802376,0.005200594353640416,0.2585438335809807,0.008915304606240713,0.17667161961367014,0.017583555161194916,2013,amur,amur
crimea,11087,1327,21,7,9,16,788,79,959,0.11968972670695409,0.08649770000901957,0.015825169555388093,0.0052750565184626974,0.006782215523737754,0.012057272042200452,0.5938206480783723,0.059532780708364735,0.4142049736247175,0.049576080093803564,2013,crimea,republic of crimea
voronezh,52503,6981,123,19,36,41,1471,70,2040,0.13296383063824924,0.03885492257585281,0.017619252256123763,0.002721673112734565,0.005156854318865492,0.005873084085374588,0.21071479730697606,0.010027216731127346,0.14899011602922219,0.0198102965544826,2013,voronezh,voronezh oblast
yamal-nenets ao,10366,799,7,1,2,3,35,89,236,0.07707891182712714,0.022766737410765965,0.008760951188986232,0.0012515644555694619,0.0025031289111389237,0.0037546933667083854,0.04380475594493116,0.1113892365456821,0.06645807259073841,0.0051225159174223414,2013,yamal-nenets ao,yamal-nenets ao
vladimir,31840,2743,202,10,15,15,413,54,959,0.08614949748743718,0.030119346733668343,0.07364199781261392,0.0036456434560699965,0.005468465184104995,0.005468465184104995,0.15056507473569086,0.01968647466277798,0.13264673714910685,0.01142744974874372,2013,vladimir,vladimir oblast
dagestan,26776,6673,721,15,0,47,1393,161,4969,0.24921571556617866,0.18557663579324768,0.1080473550127379,0.002247864528697737,0.0,0.007043308856586243,0.20875168589839652,0.024127079274689045,0.18236175633148508,0.04544741559605617,2013,dagestan,dagestan
kaliningrad,53132,4935,96,40,26,22,664,323,1276,0.09288187909357826,0.02401565911315215,0.019452887537993922,0.008105369807497468,0.0052684903748733535,0.004457953394123607,0.13454913880445796,0.06545086119554204,0.1179128672745694,0.010951968681773696,2013,kaliningrad,kaliningrad oblast
tatarstan,108892,8485,108,13,26,40,1142,90,2357,0.07792124306652463,0.021645299930206075,0.012728344136711844,0.0015321154979375368,0.0030642309958750736,0.004714201532115498,0.13459045374189746,0.01060695344725987,0.09697701826753094,0.007556569812291078,2013,tatarstan,tatarstan
khabarovsk,43327,4413,28,4,9,4,414,511,1638,0.10185334779698571,0.03780552542294643,0.0063448900974393836,0.0009064128710627691,0.0020394289598912306,0.0009064128710627691,0.0938137321549966,0.11579424427826875,0.09881033310673012,0.010064163223855794,2013,khabarovsk,khabarovsk
kursk,21276,2776,50,9,20,22,897,64,1197,0.13047565331829292,0.05626057529610829,0.018011527377521614,0.0032420749279538905,0.007204610951008645,0.00792507204610951,0.32312680115273773,0.023054755043227664,0.22705331412103746,0.029624929498025945,2013,kursk,kursk oblast
primorsky terr.,68535,7892,43,8,19,11,1157,611,2277,0.11515284161377398,0.03322390019697965,0.005448555499239736,0.0010136847440446021,0.00240750126710593,0.001393816523061328,0.1466041561074506,0.0774201723264065,0.12149011657374556,0.01398993215145546,2013,primorsky terr.,primorsky terr.
kurgan,14362,1885,52,5,7,13,746,44,1058,0.13124912964768137,0.07366662024787635,0.027586206896551724,0.002652519893899204,0.003713527851458886,0.006896551724137931,0.3957559681697613,0.023342175066312996,0.2765251989389921,0.03629369168639465,2013,kurgan,kurgan
mordovia,12070,1268,67,5,7,11,295,21,525,0.10505385252692627,0.043496271748135876,0.0528391167192429,0.003943217665615142,0.005520504731861199,0.008675078864353312,0.23264984227129337,0.016561514195583597,0.1783517350157729,0.018736536868268438,2013,mordovia,mordovia
zabaikalsk terr.,13646,2437,89,7,10,1,346,14,933,0.17858713176022278,0.0683716840099663,0.03652031185884284,0.002872384078785392,0.004103405826836274,0.0004103405826836274,0.14197784160853508,0.005744768157570784,0.10859663520722199,0.019393961600469002,2013,zabaikalsk terr.,zabaikalsk terr.
adygeya,6566,1046,10,2,2,26,306,21,436,0.15930551325007614,0.06640268047517514,0.009560229445506692,0.0019120458891013384,0.0019120458891013384,0.0248565965583174,0.2925430210325048,0.020076481835564052,0.20420650095602297,0.032531221443801404,2013,adygeya,adygeya
omsk,48713,4190,130,14,10,23,822,62,1258,0.08601400036951122,0.025824728511896208,0.031026252983293555,0.003341288782816229,0.002386634844868735,0.005489260143198091,0.19618138424821002,0.014797136038186158,0.14507159904534606,0.012478188573891979,2013,omsk,omsk oblast
irkutsk,57569,5190,78,6,12,13,748,67,2600,0.09015268634160746,0.04516319546978408,0.015028901734104046,0.0011560693641618498,0.0023121387283236996,0.0025048169556840076,0.1441233140655106,0.012909441233140655,0.1040558766859345,0.009380916812868036,2013,irkutsk,irkutsk oblast
komi,18542,1238,64,1,3,8,95,35,762,0.06676733901413008,0.0410958904109589,0.051696284329563816,0.0008077544426494346,0.0024232633279483036,0.006462035541195477,0.07673667205169628,0.02827140549273021,0.07823101777059774,0.005223276884909934,2013,komi,komi republic
perm,76509,5011,220,15,10,19,826,47,2157,0.06549556261354873,0.028192761635885973,0.04390341249251646,0.0029934144881261227,0.001995609658750748,0.003791658351626422,0.1648373578128118,0.009379365396128518,0.12714029135901017,0.00832712491340888,2013,perm,perm krai
moscow city,1297510,61539,199,69,18,56,2319,586,4921,0.04742853619625282,0.003792648996924879,0.003233721704935082,0.001121240189148345,0.00029249744064739435,0.0009099920375696713,0.03768342027007264,0.00952241667885406,0.0289726839890151,0.0013741319912755972,2013,moscow city,moscow
altai rep.,8305,1072,147,5,2,1,97,23,554,0.12907886815171585,0.06670680313064418,0.13712686567164178,0.0046641791044776115,0.0018656716417910447,0.0009328358208955224,0.09048507462686567,0.021455223880597014,0.11501865671641791,0.014846478025285973,2013,altai rep.,altai rep.
magadan,6460,623,6,0,1,2,29,130,200,0.09643962848297213,0.030959752321981424,0.009630818619582664,0.0,0.0016051364365971107,0.0032102728731942215,0.04654895666131621,0.2086677367576244,0.0971107544141252,0.009365325077399381,2013,magadan,magadan
udmurtia,33707,2768,82,8,14,10,345,23,1119,0.08211944106565403,0.03319785207820334,0.029624277456647398,0.002890173410404624,0.0050578034682080926,0.0036127167630057803,0.12463872832369942,0.008309248554913294,0.09640534682080924,0.00791675319666538,2013,udmurtia,udmurt republic
volgograd,49831,5663,70,7,21,35,1717,87,2185,0.11364411711585158,0.04384820693945536,0.012360939431396786,0.0012360939431396785,0.003708281829419036,0.006180469715698393,0.30319618576726115,0.015362881864736005,0.20817587850962388,0.023657963918042986,2013,volgograd,volgograd oblast
zaporizhzhia,1814,657,3,0,1,3,593,8,612,0.36218302094818083,0.33737596471885334,0.0045662100456621,0.0,0.0015220700152207,0.0045662100456621,0.9025875190258752,0.0121765601217656,0.5929984779299848,0.21477398015435506,2013,zaporizhzhia,zaporizhzhia
krasnodar,145765,15579,149,25,65,96,3842,428,5387,0.10687750831818338,0.03695674544643776,0.009564156877848385,0.001604724308363823,0.00417228320174594,0.006162141344117081,0.24661403170935234,0.02747288015918865,0.17425701264522755,0.018624155318492094,2013,krasnodar,krasnodar krai
karelia,23732,1652,29,3,3,10,276,177,1207,0.06961065228383617,0.0508595988538682,0.017554479418886198,0.0018159806295399517,0.0018159806295399517,0.006053268765133172,0.16707021791767554,0.10714285714285714,0.14869854721549636,0.010351002865329513,2013,karelia,republic of karelia
sakhalin,15683,2601,27,0,7,3,249,1085,1334,0.1658483708474144,0.08506025632850858,0.010380622837370242,0.0,0.002691272587466359,0.0011534025374855825,0.09573241061130335,0.4171472510572857,0.19184928873510187,0.03181789198495186,2013,sakhalin,sakhalin
tver,33689,3536,339,3,17,18,822,74,2048,0.10496007598919528,0.060791356229036184,0.0958710407239819,0.0008484162895927602,0.004807692307692308,0.005090497737556561,0.2324660633484163,0.02092760180995475,0.19311368778280544,0.02026922734423699,2013,tver,tver oblast
vologda,39625,2742,203,6,7,17,357,52,1426,0.06919873817034701,0.03598738170347003,0.07403355215171407,0.002188183807439825,0.002552881108679796,0.006199854121079504,0.1301969365426696,0.018964259664478483,0.11834427425237054,0.008189274447949528,2013,vologda,vologda oblast
kemerovo,49553,3549,51,8,16,23,787,53,1264,0.07162028535103829,0.025508041894537162,0.014370245139475908,0.0022541561003099463,0.004508312200619893,0.006480698788391096,0.221752606367991,0.014933784164553396,0.15631163708086787,0.011195084051419694,2013,kemerovo,kemerovo oblast
novosibirsk,156323,12674,249,23,11,41,1433,192,2555,0.08107572142295119,0.01634436391317976,0.019646520435537322,0.0018147388354110778,0.000867918573457472,0.0032349692283414866,0.11306611961495976,0.015149124191257694,0.08606990689600758,0.0069781797944000554,2013,novosibirsk,novosibirsk oblast
samara,110880,9245,120,13,17,31,1670,119,2444,0.08337842712842713,0.022041847041847043,0.012979989183342347,0.0014061654948620875,0.001838831800973499,0.00335316387236344,0.18063818280151434,0.012871822606814494,0.12713358572201192,0.010600198412698415,2013,samara,samara oblast
sevastopol,3741,212,4,4,3,1,45,26,89,0.056669339748730285,0.023790430366212242,0.018867924528301886,0.018867924528301886,0.014150943396226415,0.0047169811320754715,0.21226415094339623,0.12264150943396226,0.19033018867924528,0.01078588612670409,2013,sevastopol,sevastopol
ingushetia,3906,497,19,3,0,6,142,5,227,0.12724014336917563,0.05811571940604199,0.03822937625754527,0.006036217303822937,0.0,0.012072434607645875,0.2857142857142857,0.01006036217303823,0.20543259557344065,0.026139272913466464,2013,ingushetia,ingushetia
marij el,14914,1425,78,4,3,16,203,19,555,0.0955478074292611,0.037213356577712214,0.05473684210526316,0.002807017543859649,0.002105263157894737,0.011228070175438596,0.1424561403508772,0.013333333333333334,0.11866666666666667,0.011338339814938984,2013,marij el,marij el
kirov,35658,2912,257,11,13,15,590,34,1811,0.08166470357283079,0.05078804195411969,0.08825549450549451,0.0037774725274725275,0.004464285714285714,0.005151098901098901,0.2026098901098901,0.011675824175824176,0.16892170329670328,0.013794940826742947,2013,kirov,kirov oblast
tuva,2552,558,78,1,4,1,106,11,370,0.21865203761755486,0.14498432601880878,0.13978494623655913,0.0017921146953405018,0.007168458781362007,0.0017921146953405018,0.18996415770609318,0.01971326164874552,0.18082437275985663,0.039537617554858934,2013,tuva,tuva
chelyabinsk,114684,7239,115,12,8,29,1229,182,2073,0.06312127236580517,0.01807575599037355,0.01588617212322144,0.0016576875259013675,0.0011051250172675784,0.004006078187594971,0.16977483077773173,0.02514159414283741,0.12474789335543583,0.007874245753548881,2014,chelyabinsk,chelyabinsk oblast
jewish ao,2910,393,5,0,3,1,130,13,212,0.13505154639175257,0.07285223367697595,0.01272264631043257,0.0,0.007633587786259542,0.002544529262086514,0.33078880407124683,0.03307888040712468,0.2316793893129771,0.031288659793814434,2014,jewish ao,jewish ao
tomsk,36555,2425,48,6,7,9,257,48,801,0.06633839420051976,0.021912187115305702,0.01979381443298969,0.002474226804123711,0.00288659793814433,0.003711340206185567,0.10597938144329896,0.01979381443298969,0.08364948453608248,0.005549172479824922,2014,tomsk,tomsk
stavropol,43292,6260,76,13,22,53,1573,77,2100,0.1445994641042225,0.04850780744710339,0.012140575079872205,0.0020766773162939297,0.003514376996805112,0.008466453674121405,0.2512779552715655,0.012300319488817891,0.17393769968051118,0.02515129816132311,2014,stavropol,stavropol krai
luhansk,208,47,2,0,0,1,29,3,32,0.22596153846153846,0.15384615384615385,0.0425531914893617,0.0,0.0,0.02127659574468085,0.6170212765957447,0.06382978723404255,0.4382978723404255,0.09903846153846153,2014,luhansk,luhansk
mordovia,12282,1260,67,5,8,11,284,24,514,0.10258915486077186,0.0418498615860609,0.05317460317460317,0.003968253968253968,0.006349206349206349,0.00873015873015873,0.2253968253968254,0.01904761904761905,0.17472222222222222,0.01792460511317375,2014,mordovia,mordovia
rostov,82914,10158,78,18,20,74,2999,210,3643,0.12251248281351762,0.043937091444146946,0.00767867690490254,0.0017720023626698169,0.0019688915140775743,0.007284898602087025,0.2952352825359323,0.02067336089781453,0.20282043709391614,0.024848035313698533,2014,rostov,rostov oblast
tula,36956,3594,94,8,12,21,966,34,1421,0.0972507847169607,0.038451131074791645,0.02615470228158041,0.0022259321090706734,0.00333889816360601,0.005843071786310518,0.2687813021702838,0.009460211463550361,0.18896772398441847,0.01837725944366273,2014,tula,tula oblast
yaroslavl,47867,3353,254,3,13,24,383,48,1159,0.07004825871686131,0.02421292330833351,0.07575305696391291,0.000894721145243066,0.0038771249627199524,0.007157769161944528,0.11422606620936475,0.014315538323889055,0.10732180137190575,0.007517705308458855,2014,yaroslavl,yaroslavl oblast
kurgan,14533,1877,52,7,11,13,689,47,1010,0.12915433840225693,0.06949700681208285,0.02770378263185935,0.0037293553542887587,0.005860415556739478,0.006925945657964837,0.36707511987213637,0.02503995737879595,0.25924347362812994,0.03348241932154406,2014,kurgan,kurgan
north ossetia,10380,2057,209,7,18,73,772,30,1226,0.19816955684007706,0.11811175337186898,0.10160427807486631,0.003403014098201264,0.008750607681088965,0.03548857559552747,0.37530384054448224,0.014584346135148274,0.2922459893048128,0.05791425818882466,2014,north ossetia,north ossetia
tuva,2509,516,69,1,4,1,97,9,338,0.20565962534874452,0.13471502590673576,0.13372093023255813,0.001937984496124031,0.007751937984496124,0.001937984496124031,0.187984496124031,0.01744186046511628,0.17693798449612402,0.03638899960143483,2014,tuva,tuva
dagestan,26398,6613,702,14,0,52,1368,154,4922,0.25051140237896813,0.18645351920600045,0.10615454407984273,0.0021170421896264933,0.0,0.007863299561469831,0.2068652653863602,0.023287464085891427,0.1803115076364736,0.045170088643079025,2014,dagestan,dagestan
kursk,21411,2825,54,12,19,23,840,65,1139,0.13194152538414833,0.0531969548362991,0.01911504424778761,0.004247787610619469,0.006725663716814159,0.008141592920353982,0.2973451327433628,0.023008849557522124,0.21083185840707966,0.027817476997804867,2014,kursk,kursk oblast
lipetzk,19527,2659,73,16,24,35,616,40,970,0.13617043068571721,0.0496748092384903,0.02745393004889056,0.006017299736743136,0.009025949605114705,0.013162843174125612,0.23166603986461076,0.01504324934185784,0.17044001504324938,0.023208890254519388,2014,lipetzk,lipetzk
karelia,22528,1635,28,2,1,9,273,171,1144,0.07257634943181818,0.05078125,0.01712538226299694,0.0012232415902140672,0.0006116207951070336,0.005504587155963303,0.1669724770642202,0.10458715596330276,0.14718654434250766,0.010682262073863637,2014,karelia,republic of karelia
leningrad,33421,3065,171,12,31,48,717,179,1854,0.09170880584063912,0.055474103108823794,0.055791190864600326,0.003915171288743882,0.010114192495921697,0.01566068515497553,0.233931484502447,0.058401305057096245,0.19495921696574225,0.017879476975554292,2014,leningrad,leningrad oblast
khakasia,9409,984,41,2,4,5,127,35,373,0.10458072058667234,0.039642895100435754,0.041666666666666664,0.0020325203252032522,0.0040650406504065045,0.00508130081300813,0.1290650406504065,0.03556910569105691,0.1114329268292683,0.01165373578488681,2014,khakasia,khakasia
murmansk,21324,2419,15,1,5,5,139,520,676,0.11344025511161134,0.03170136934909023,0.0062009094667217855,0.00041339396444811904,0.002066969822240595,0.002066969822240595,0.05746176105828855,0.2149648615130219,0.10494005787515501,0.011904426936784842,2014,murmansk,murmansk oblast
altai rep.,6689,989,135,5,2,1,89,22,509,0.14785468679922262,0.07609508147705188,0.1365015166835187,0.005055611729019211,0.0020222446916076846,0.0010111223458038423,0.08998988877654196,0.022244691607684528,0.11486349848331648,0.01698310659291374,2014,altai rep.,altai rep.
chechnya,8108,1420,75,4,1,18,560,6,1082,0.17513566847557968,0.1334484459792797,0.0528169014084507,0.0028169014084507044,0.0007042253521126761,0.01267605633802817,0.39436619718309857,0.004225352112676056,0.2788732394366197,0.04884065120868278,2014,chechnya,chechnya
novgorod,13834,1232,112,1,15,12,187,74,788,0.08905594911088623,0.05696111030793697,0.09090909090909091,0.0008116883116883117,0.012175324675324676,0.00974025974025974,0.15178571428571427,0.060064935064935064,0.15320616883116883,0.013643920774902415,2014,novgorod,novgorod
sevastopol,5760,403,6,5,5,1,59,41,114,0.06996527777777778,0.019791666666666666,0.01488833746898263,0.01240694789081886,0.01240694789081886,0.0024813895781637717,0.14640198511166252,0.10173697270471464,0.13746898263027293,0.009618055555555555,2014,sevastopol,sevastopol
buryatia,16986,2509,105,8,8,11,394,56,1106,0.14770987872365476,0.06511244554338867,0.04184934236747708,0.0031885213232363493,0.0031885213232363493,0.00438421681944998,0.1570346751693902,0.022319649262654444,0.12566759665205263,0.01856234546096786,2014,buryatia,buryatia
belgorod,35219,3611,71,13,44,36,651,64,1082,0.10252988443737755,0.03072205343706522,0.019662143450567708,0.003600110772639158,0.012184990307394073,0.009969537524231515,0.18028247022985322,0.01772362226530047,0.13482414843533647,0.013823504358442885,2014,belgorod,belgorod oblast
zaporizhzhia,1850,665,3,0,1,3,599,8,617,0.35945945945945945,0.3335135135135135,0.004511278195488722,0.0,0.0015037593984962407,0.004511278195488722,0.9007518796992481,0.012030075187969926,0.5917293233082707,0.2127027027027027,2014,zaporizhzhia,zaporizhzhia
voronezh,54889,7340,118,22,37,48,1421,67,1993,0.13372442565905737,0.036309643097888464,0.016076294277929157,0.002997275204359673,0.0050408719346049045,0.006539509536784741,0.1935967302452316,0.009128065395095367,0.13719346049046321,0.01834611670826577,2014,voronezh,voronezh oblast
baikonur,321,40,0,0,0,0,0,0,1,0.12461059190031153,0.003115264797507788,0.0,0.0,0.0,0.0,0.0,0.0,0.0,0.0,2014,baikonur,baikonur
volgograd,51069,5762,66,9,25,35,1627,91,2083,0.11282774285770232,0.04078795355303609,0.011454356126345018,0.0015619576535925027,0.0043387712599791736,0.006074279763970843,0.28236723359944466,0.015793127386324192,0.1946719888927456,0.02196440110438818,2014,volgograd,volgograd oblast
tambov,16273,3077,36,4,10,12,918,25,1210,0.18908621643212684,0.07435629570454126,0.011699707507312317,0.0012999675008124798,0.003249918752031199,0.003899902502437439,0.2983425414364641,0.008124796880077998,0.20217744556386094,0.03822896822958275,2014,tambov,tambov oblast
magadan,4702,614,4,1,1,3,30,132,203,0.1305827307528711,0.043173117822203316,0.006514657980456026,0.0016286644951140066,0.0016286644951140066,0.004885993485342019,0.048859934853420196,0.21498371335504887,0.1000814332247557,0.013068906848149722,2014,magadan,magadan
marij el,15468,1423,80,4,3,17,198,19,558,0.09199637962244635,0.0360744763382467,0.05621925509486999,0.0028109627547434997,0.0021082220660576245,0.011946591707659873,0.13914265635980325,0.013352073085031623,0.11714687280393536,0.010777088182053274,2014,marij el,marij el
udmurtia,35840,2810,77,9,13,9,297,27,1041,0.07840401785714286,0.02904575892857143,0.027402135231316727,0.003202846975088968,0.004626334519572953,0.003202846975088968,0.10569395017793594,0.009608540925266904,0.08361209964412812,0.006555524553571429,2014,udmurtia,udmurt republic
amur,14067,1382,15,0,3,7,357,12,694,0.0982441174379754,0.04933532380749271,0.01085383502170767,0.0,0.002170767004341534,0.005065123010130246,0.2583212735166425,0.008683068017366137,0.1756150506512301,0.01725314566005545,2014,amur,amur
smolensk,24436,3669,306,14,12,20,614,53,1675,0.1501473236208872,0.06854640694057948,0.08340147179067865,0.0038157536113382394,0.003270645952575634,0.005451076587626056,0.16734805124011992,0.014445352957209048,0.14488961569910058,0.021754788017678835,2014,smolensk,smolensk oblast
kalmykia,5367,953,65,2,4,3,160,28,449,0.1775666107695174,0.08365940003726477,0.06820566631689402,0.002098635886673662,0.004197271773347324,0.0031479538300104933,0.16789087093389296,0.02938090241343127,0.14386149003147952,0.02554499720514253,2014,kalmykia,kalmykia
krasnoyarsk,75033,6659,148,11,29,21,1026,129,2912,0.08874761771487212,0.038809590446870046,0.0222255593933023,0.001651899684637333,0.004355008259498423,0.003153626670671272,0.15407718876708215,0.019372278119837813,0.11571557290884518,0.010269481428171605,2014,krasnoyarsk,krasnoyarsk krai
yakutia,22110,2672,325,5,14,7,317,159,1651,0.12085029398462234,0.07467209407507915,0.1216317365269461,0.0018712574850299401,0.005239520958083832,0.002619760479041916,0.1186377245508982,0.05950598802395209,0.13970808383233532,0.016883763003165988,2014,yakutia,yakutia
karachaevo-chercessia,6400,1006,222,8,4,19,188,23,640,0.1571875,0.1,0.220675944333996,0.007952286282306162,0.003976143141153081,0.018886679920477135,0.18687872763419483,0.02286282306163022,0.21138170974155068,0.0332265625,2014,karachaevo-chercessia,karachaevo-chercessia
nizhni novgorod,94268,7192,295,8,29,30,1208,118,2365,0.07629312173802351,0.02508804684516485,0.04101779755283649,0.0011123470522803114,0.004032258064516129,0.004171301446051168,0.16796440489432704,0.016407119021134595,0.1303670745272525,0.009946111087537658,2014,nizhni novgorod,nizhny novgorod oblast
kabardino-balkaria,11165,1958,90,6,0,37,591,13,1041,0.17536945812807883,0.09323779668607254,0.045965270684371805,0.0030643513789581204,0.0,0.018896833503575076,0.3018386108273749,0.006639427987742594,0.2178753830439224,0.03820868786386029,2014,kabardino-balkaria,kabardino-balkaria
pskov,14427,1734,169,4,5,13,368,91,1014,0.12019130796423373,0.07028488251195675,0.09746251441753172,0.002306805074971165,0.0028835063437139563,0.007497116493656286,0.2122260668973472,0.052479815455594,0.19022491349480972,0.022863381160324395,2014,pskov,pskov
adygeya,6571,1053,15,3,2,26,310,19,438,0.1602495814944453,0.06665652107746158,0.014245014245014245,0.002849002849002849,0.001899335232668566,0.024691358024691357,0.2943969610636277,0.018043684710351376,0.20664767331434,0.03311520316542384,2014,adygeya,adygeya
saratov,46038,5356,128,7,18,39,1354,81,1881,0.11633867674529737,0.04085755245666623,0.02389843166542196,0.0013069454817027633,0.0033607169529499626,0.007281553398058253,0.25280059746079164,0.015123226288274831,0.17948095593726662,0.020880576914722622,2014,saratov,saratov oblast
krasnodar,144162,16109,145,24,58,100,3746,441,5294,0.11174234541696147,0.03672257599089913,0.0090011794648954,0.0014898503941895836,0.00360047178595816,0.006207709975789931,0.23254081569309082,0.027376000993233597,0.16471848035259792,0.01840602932811698,2014,krasnodar,krasnodar krai
kirov,36962,2974,255,15,13,16,575,34,1806,0.08046101401439316,0.04886099237054272,0.08574310692669805,0.005043712172158709,0.004371217215870881,0.005379959650302623,0.1933422999327505,0.011432414256893073,0.16227303295225287,0.013056652778529302,2014,kirov,kirov oblast
nenets ao,859,101,4,0,0,0,2,11,45,0.11757857974388825,0.05238649592549476,0.039603960396039604,0.0,0.0,0.0,0.019801980198019802,0.10891089108910891,0.0594059405940594,0.006984866123399301,2014,nenets ao,nenets ao
tatarstan,113423,8677,131,24,24,40,1113,94,2323,0.07650123872583162,0.020480854853072127,0.015097383888440705,0.0027659329261265414,0.0027659329261265414,0.004609888210210902,0.12827013944911836,0.01083323729399562,0.09398409588567477,0.007189899755781455,2014,tatarstan,tatarstan
altai terr.,51548,7020,212,25,19,30,1634,112,2473,0.1361837510669667,0.0479747031892605,0.0301994301994302,0.0035612535612535613,0.0027065527065527066,0.004273504273504274,0.23276353276353276,0.015954415954415956,0.16886039886039886,0.022996042523473266,2014,altai terr.,altai krai
ingushetia,4820,621,29,3,0,7,151,6,257,0.1288381742738589,0.053319502074688795,0.04669887278582931,0.004830917874396135,0.0,0.011272141706924315,0.2431561996779388,0.00966183574879227,0.18019323671497584,0.023215767634854768,2014,ingushetia,ingushetia
astrakhan,16999,2502,75,3,3,15,314,286,684,0.14718512853697277,0.04023766103888464,0.02997601918465228,0.001199040767386091,0.001199040767386091,0.005995203836930456,0.1254996003197442,0.11430855315747403,0.12785771382893685,0.01881875404435555,2014,astrakhan,astrakhan
primorsky terr.,68903,8070,53,10,19,10,1154,626,2304,0.11712117034091404,0.0334383118296736,0.006567534076827757,0.0012391573729863693,0.0023543990086741014,0.0012391573729863693,0.14299876084262703,0.07757125154894672,0.11960346964064437,0.014008098341146252,2014,primorsky terr.,primorsky terr.
zabaikalsk terr.,13461,2288,78,10,10,1,311,14,821,0.16997251318624174,0.06099101106901419,0.03409090909090909,0.004370629370629371,0.004370629370629371,0.00043706293706293706,0.13592657342657344,0.006118881118881119,0.10437062937062937,0.01774013817695565,2014,zabaikalsk terr.,zabaikalsk terr.
ryazan,30210,2862,106,9,15,21,489,49,1024,0.09473684210526316,0.033896060906984445,0.037037037037037035,0.0031446540880503146,0.005241090146750524,0.007337526205450734,0.1708595387840671,0.017120894479385047,0.1323549965059399,0.012538894405825887,2014,ryazan,ryazan oblast
yamal-nenets ao,10549,828,8,2,2,3,36,85,223,0.07849085221347996,0.02113944449710873,0.00966183574879227,0.0024154589371980675,0.0024154589371980675,0.0036231884057971015,0.043478260869565216,0.10265700483091787,0.06419082125603864,0.005038392264669637,2014,yamal-nenets ao,yamal-nenets ao
kostroma,15975,1738,146,2,8,13,304,18,1065,0.10879499217527387,0.06666666666666667,0.08400460299194476,0.0011507479861910242,0.004602991944764097,0.007479861910241657,0.17491369390103567,0.010356731875719217,0.14876294591484462,0.016184663536776212,2014,kostroma,kostroma
vologda,41302,2840,205,10,8,23,351,49,1437,0.0687618033025035,0.034792503994963926,0.0721830985915493,0.0035211267605633804,0.0028169014084507044,0.008098591549295774,0.12359154929577465,0.017253521126760565,0.11357394366197182,0.007809549174374121,2014,vologda,vologda oblast
khanty-mansijsk,40369,3155,29,3,11,5,514,160,1089,0.07815402908172112,0.02697614506180485,0.00919175911251981,0.0009508716323296355,0.003486529318541997,0.001584786053882726,0.16291600633914421,0.05071315372424723,0.12567353407290016,0.009821893036736109,2014,khanty-mansijsk,khanty-mansijsk
kherson,842,486,3,0,1,2,448,5,462,0.5771971496437055,0.5486935866983373,0.006172839506172839,0.0,0.00205761316872428,0.00411522633744856,0.9218106995884774,0.0102880658436214,0.6055555555555556,0.3495249406175773,2014,kherson,kherson
tyumen,47767,3613,123,21,15,13,577,95,1237,0.07563799275650554,0.025896539451922877,0.03404373097149183,0.005812344312205923,0.004151674508718516,0.0035981179075560477,0.15970107943537226,0.02629393855521727,0.12663991143094383,0.009578788703498233,2014,tyumen,tyumen oblast
kaliningrad,54246,5078,98,45,26,24,653,340,1285,0.09361058879917414,0.023688382553552337,0.01929893658920835,0.008861756597085466,0.005120126033871603,0.004726270185112249,0.1285939346199291,0.06695549428909019,0.11463174478141,0.010730745124064448,2014,kaliningrad,kaliningrad oblast
orenburg,35972,4775,90,11,27,41,1439,56,2373,0.13274213276993216,0.06596797509173802,0.018848167539267015,0.0023036649214659686,0.005654450261780105,0.008586387434554974,0.30136125654450263,0.011727748691099476,0.20927748691099476,0.027779939953297007,2014,orenburg,orenburg oblast
ulyanovsk,26671,2610,70,3,15,21,587,43,1018,0.0978590978965918,0.03816879757039481,0.02681992337164751,0.0011494252873563218,0.005747126436781609,0.008045977011494253,0.22490421455938697,0.016475095785440614,0.16344827586206898,0.015994900828615353,2014,ulyanovsk,ulyanovsk oblast
komi,18850,1260,66,1,3,9,95,36,765,0.06684350132625995,0.040583554376657824,0.05238095238095238,0.0007936507936507937,0.002380952380952381,0.007142857142857143,0.07539682539682539,0.02857142857142857,0.07777777777777778,0.0051989389920424406,2014,komi,komi republic
kemerovo,47636,3509,52,10,15,23,751,57,1214,0.07366277605172558,0.025484927365857755,0.01481903676261043,0.002849814762040467,0.004274722143060701,0.006554573952693075,0.2140210886292391,0.016243944143630663,0.15193787403818754,0.011192165589050299,2014,kemerovo,kemerovo oblast
kamchatka,11148,2053,13,0,8,5,67,1024,1188,0.18415859346968066,0.10656620021528525,0.0063321967851924016,0.0,0.003896736483195324,0.0024354603019970775,0.03263516804676084,0.4987822698490015,0.17440331222601074,0.0321178686759957,2014,kamchatka,kamchatka
tver,33809,3527,339,2,16,17,798,73,2007,0.10432133455588749,0.059362891537756216,0.09611567904734902,0.0005670541536716756,0.004536433229373405,0.004819960306209243,0.22625460731499858,0.02069747660901616,0.18891409129571873,0.019707770120382148,2014,tver,tver oblast
bashkortostan,87214,8168,366,29,38,77,1779,124,3550,0.09365468846744789,0.04070447405233105,0.044809010773751226,0.0035504407443682664,0.00465230166503428,0.009427032321253673,0.2178011753183154,0.015181194906953967,0.16527301665034283,0.015478592886463185,2014,bashkortostan,bashkortostan
chukotka,800,119,0,0,2,1,3,18,63,0.14875,0.07875,0.0,0.0,0.01680672268907563,0.008403361344537815,0.025210084033613446,0.15126050420168066,0.06722689075630252,0.009999999999999998,2014,chukotka,chukotka
irkutsk,59734,5472,97,8,13,14,794,74,2698,0.0916061204674055,0.04516690661934577,0.017726608187134504,0.0014619883040935672,0.0023757309941520467,0.0025584795321637425,0.14510233918128654,0.013523391812865496,0.10592105263157894,0.009703016707402819,2014,irkutsk,irkutsk oblast
moscow city,1273315,60305,218,87,20,63,2308,572,4888,0.04736062953785984,0.0038387987261596698,0.0036149573003896856,0.0014426664455683609,0.0003316474587513473,0.001044689495066744,0.03827211673990548,0.009485117320288533,0.02958792803250145,0.0014013028983401593,2014,moscow city,moscow
sakhalin,15844,2625,27,0,7,4,248,1087,1337,0.16567785912648322,0.08438525624842212,0.010285714285714285,0.0,0.0026666666666666666,0.0015238095238095239,0.09447619047619048,0.41409523809523807,0.19013333333333332,0.03150088361524867,2014,sakhalin,sakhalin
omsk,48317,4302,142,17,10,24,769,62,1190,0.08903698491214272,0.024629012562866072,0.03300790330079033,0.00395165039516504,0.0023245002324500234,0.005578800557880056,0.1787540678754068,0.014411901441190145,0.13447233844723383,0.011973011569426909,2014,omsk,omsk oblast
sankt-petersburg,387521,18429,52,13,5,15,518,284,1521,0.04755613244185476,0.003924948583431608,0.002821639806826198,0.0007054099517065494,0.0002713115198871344,0.0008139345596614033,0.028107873460307124,0.015410494329589235,0.024247110532313203,0.0011530987998069782,2014,sankt-petersburg,st. petersburg
kaluga,25226,2615,196,6,16,10,711,47,1337,0.10366288749702687,0.05300087211607072,0.07495219885277246,0.002294455066921606,0.006118546845124283,0.0038240917782026767,0.2718929254302103,0.01797323135755258,0.2110325047801147,0.021876238801236816,2014,kaluga,kaluga oblast
donetsk,2294,218,3,2,0,7,91,7,108,0.0950305143853531,0.047079337401918046,0.013761467889908258,0.009174311926605505,0.0,0.03211009174311927,0.41743119266055045,0.03211009174311927,0.2928899082568807,0.02783347863993025,2014,donetsk,donetsk
ivanovo,33242,2789,83,5,6,14,532,25,983,0.08389988568678178,0.02957102460742434,0.029759770527070635,0.0017927572606669057,0.002151308712800287,0.005019720329867336,0.19074937253495877,0.008963786303334529,0.1388311222660452,0.011647915287888815,2014,ivanovo,ivanovo
khabarovsk,44047,4577,27,4,9,4,429,550,1682,0.10391173065134969,0.038186482620836834,0.00589906051999126,0.0008739348918505571,0.0019663535066637536,0.0008739348918505571,0.09372951715097225,0.1201660476294516,0.09987983395237054,0.01037868640316026,2014,khabarovsk,khabarovsk
arkhangelsk,24278,1805,80,2,16,10,174,76,1092,0.074347145563885,0.0449789933272922,0.0443213296398892,0.00110803324099723,0.00886426592797784,0.00554016620498615,0.096398891966759,0.042105263157894736,0.09412742382271469,0.006998105280500866,2014,arkhangelsk,arkhangelsk oblast
penza,26160,3969,262,16,69,54,839,88,1839,0.15172018348623853,0.07029816513761468,0.06601158982111363,0.004031242126480222,0.017384731670445956,0.013605442176870748,0.21138825900730662,0.022171831695641218,0.1745527840765936,0.026483180428134558,2014,penza,penza oblast
crimea,16669,2016,25,11,16,18,877,110,1094,0.12094306797048414,0.06563081168636391,0.01240079365079365,0.005456349206349206,0.007936507936507936,0.008928571428571428,0.4350198412698413,0.054563492063492064,0.30815972222222227,0.03726978223048774,2014,crimea,republic of crimea
oryol,14378,2049,39,5,9,11,651,24,846,0.14250938934483237,0.05883989428293226,0.01903367496339678,0.002440214738897023,0.004392386530014641,0.005368472425573451,0.31771595900439237,0.01171303074670571,0.21920448999511957,0.031238698010849907,2014,oryol,oryol
bryansk,19763,2513,198,8,14,10,538,22,1049,0.12715680817689623,0.053078985983909324,0.07879029048945484,0.0031834460803820135,0.005571030640668524,0.003979307600477517,0.2140867489056904,0.008754476721050538,0.1721448467966574,0.021889389262763754,2014,bryansk,bryansk oblast
perm,77840,5117,219,19,11,21,819,49,2149,0.06573741007194245,0.02760791366906475,0.04279851475473911,0.0037131131522376393,0.0021496970881375805,0.004103967168262654,0.1600547195622435,0.009575923392612859,0.12396912253273404,0.008149409044193218,2014,perm,perm krai
vladimir,32587,2782,206,15,17,13,409,52,941,0.08537146714947678,0.02887654586184675,0.07404744787922359,0.005391804457225018,0.006110711718188354,0.004672897196261682,0.14701653486700217,0.018691588785046728,0.1306613946800863,0.01115475496363581,2014,vladimir,vladimir oblast
sverdlovsk,178096,10868,212,22,23,29,1506,138,3067,0.06102326834965412,0.017221049321714133,0.01950680898049319,0.0020242914979757085,0.0021163047478836954,0.002668384247331616,0.13857195436142805,0.012697828487302172,0.1021439087228561,0.006233155152277424,2014,sverdlovsk,sverdlovsk oblast
chuvashia,22812,2414,79,8,8,16,580,40,878,0.10582149745747851,0.03848851481676311,0.03272576636288318,0.0033140016570008283,0.0033140016570008283,0.006628003314001657,0.24026512013256007,0.016570008285004142,0.17524855012427507,0.01854506400140277,2014,chuvashia,chuvash republic
novosibirsk,151505,12437,250,31,11,38,1326,194,2396,0.08208970000990067,0.015814659582192008,0.020101310605451474,0.002492562515075983,0.0008844576666398649,0.003055399212028624,0.10661735145131462,0.015598617029830345,0.08231888719144488,0.006757532754694565,2014,novosibirsk,novosibirsk oblast
samara,114557,9625,125,16,18,35,1659,127,2450,0.0840193091648699,0.021386733241966882,0.012987012987012988,0.0016623376623376624,0.0018701298701298702,0.0036363636363636364,0.17236363636363636,0.013194805194805195,0.12196883116883118,0.010247736934451848,2014,samara,samara oblast
moscow reg.,238916,17999,417,67,50,68,4147,438,6093,0.07533610139128397,0.025502687136901674,0.023167953775209735,0.0037224290238346575,0.0027779321073392966,0.0037779876659814436,0.23040168898272126,0.024334685260292237,0.1673620756708706,0.012608406301796448,2014,moscow reg.,moscow oblast
vladimir,29138,2363,182,27,14,14,352,55,779,0.08109684947491248,0.026734847964856888,0.07702073635209479,0.011426153195090986,0.005924672027084215,0.005924672027084215,0.14896318239526027,0.023275497249259414,0.1359923825645366,0.011028553778570939,2018,vladimir,vladimir oblast
tomsk,30267,2060,43,20,5,7,211,56,665,0.06806092443915816,0.02197112366603892,0.02087378640776699,0.009708737864077669,0.0024271844660194173,0.0033980582524271844,0.10242718446601942,0.027184466019417475,0.08558252427184466,0.00582482571777844,2018,tomsk,tomsk
volgograd,42138,4460,64,14,12,27,1326,74,1661,0.10584270729507808,0.03941810242536428,0.014349775784753363,0.003139013452914798,0.0026905829596412557,0.006053811659192825,0.29730941704035874,0.016591928251121078,0.20561659192825113,0.0217630167544734,2018,volgograd,volgograd oblast
oryol,12992,1761,42,12,5,8,528,20,663,0.13554495073891626,0.0510314039408867,0.02385008517887564,0.0068143100511073255,0.0028392958546280523,0.004542873367404884,0.29982964224872233,0.011357183418512209,0.20973878478137423,0.028429033251231528,2018,oryol,oryol
yamal-nenets ao,9762,770,10,5,1,3,35,76,201,0.07887727924605614,0.020590043023970498,0.012987012987012988,0.006493506493506494,0.0012987012987012987,0.003896103896103896,0.045454545454545456,0.0987012987012987,0.06623376623376624,0.005224339274738784,2018,yamal-nenets ao,yamal-nenets ao
novosibirsk,124983,10341,271,46,11,40,1070,195,1923,0.08273925253834521,0.015386092508581167,0.02620636302098443,0.00444831254230732,0.001063726912290881,0.003868097862875931,0.10347161783193115,0.018856977081520163,0.08404409631563678,0.00695374570941648,2018,novosibirsk,novosibirsk oblast
primorsky terr.,66309,7524,76,16,13,12,1159,657,2305,0.11346875989684659,0.03476149542294409,0.010101010101010102,0.002126528442317916,0.0017278043593833069,0.001594896331738437,0.15404040404040403,0.08732057416267942,0.13106060606060604,0.014871284441026103,2018,primorsky terr.,primorsky terr.
krasnodar,142942,16588,156,43,44,91,3443,392,4717,0.1160470680415833,0.03299939835737572,0.009404388714733543,0.0025922353508560404,0.002652519893899204,0.0054858934169279,0.20755968169761274,0.023631540872920184,0.1474288642392091,0.017108687439660843,2018,krasnodar,krasnodar krai
yakutia,21633,2426,290,17,8,4,261,173,1470,0.11214348449128646,0.06795174039661628,0.11953833470733718,0.007007419620774938,0.0032976092333058533,0.0016488046166529267,0.10758450123660346,0.07131079967023908,0.1359851607584501,0.015249849766560344,2018,yakutia,yakutia
kamchatka,9706,1834,17,0,6,7,70,931,1061,0.18895528539048012,0.10931382649907274,0.009269356597600873,0.0,0.003271537622682661,0.003816793893129771,0.03816793893129771,0.5076335877862596,0.1817339149400218,0.034339583762621056,2018,kamchatka,kamchatka
baikonur,362,40,0,0,0,0,0,0,2,0.11049723756906077,0.0055248618784530384,0.0,0.0,0.0,0.0,0.0,0.0,0.0,0.0,2018,baikonur,baikonur
altai terr.,51369,7491,197,43,18,29,1345,111,2096,0.14582724989779827,0.04080281882068952,0.02629822453611,0.005740221599252436,0.0024028834601521826,0.0038713122413562943,0.17954879188359366,0.014817781337605127,0.1329729008143105,0.0193910724366836,2018,altai terr.,altai krai
tver,31341,3253,306,7,13,14,725,69,1736,0.10379375259245079,0.05539070227497527,0.09406701506301875,0.002151859821703043,0.003996311097448509,0.004303719643406086,0.22287119581924378,0.021211189671072855,0.18633569013218568,0.019340480520723652,2018,tver,tver oblast
tyumen,46309,3312,125,26,12,14,514,94,1123,0.07151957502861214,0.024250145760003457,0.03774154589371981,0.00785024154589372,0.0036231884057971015,0.004227053140096618,0.15519323671497584,0.028381642512077296,0.12610205314009662,0.009018765250815176,2018,tyumen,tyumen oblast
irkutsk,56353,5008,107,33,10,12,742,73,2267,0.08886838322715739,0.04022855926037656,0.021365814696485623,0.006589456869009584,0.001996805111821086,0.0023961661341853034,0.1481629392971246,0.01457667731629393,0.1106629392971246,0.009834436498500524,2018,irkutsk,irkutsk oblast
lipetzk,20186,2776,148,27,23,42,570,35,946,0.1375210541959774,0.04686416328148221,0.053314121037463975,0.009726224783861672,0.008285302593659942,0.015129682997118156,0.2053314121037464,0.01260806916426513,0.1626801152737752,0.02237194094917269,2018,lipetzk,lipetzk
saratov,42877,4681,94,20,15,37,1215,83,1609,0.10917274995918558,0.03752594631154232,0.020081179235206154,0.004272591326639607,0.003204443494979705,0.007904293954283274,0.2595599230933561,0.017731254005554368,0.18411664174321726,0.02010052009235721,2018,saratov,saratov oblast
omsk,45415,4122,126,32,9,22,633,80,1008,0.09076296377848729,0.022195309919630077,0.03056768558951965,0.0077632217370208634,0.002183406113537118,0.005337214944201844,0.15356622998544395,0.019408054342552158,0.11962639495390587,0.010857646152152373,2018,omsk,omsk oblast
khanty-mansijsk,33266,2580,20,4,10,5,544,157,1016,0.07755666446221367,0.030541694222329104,0.007751937984496124,0.0015503875968992248,0.003875968992248062,0.001937984496124031,0.21085271317829457,0.060852713178294576,0.15967054263565894,0.012383514699693381,2018,khanty-mansijsk,khanty-mansijsk
kaliningrad,54924,5149,100,35,28,26,668,315,1269,0.0937477241278858,0.023104653703299106,0.019421246844047387,0.006797436395416585,0.005437949116333269,0.005049524179452321,0.12973392891823654,0.061176927558749275,0.11329384346475042,0.010621039982521301,2018,kaliningrad,kaliningrad oblast
kabardino-balkaria,11389,2216,112,23,1,39,676,14,1091,0.1945737114759856,0.09579418737378172,0.05054151624548736,0.010379061371841155,0.0004512635379061372,0.01759927797833935,0.30505415162454874,0.00631768953068592,0.22321750902527077,0.04343225919747124,2018,kabardino-balkaria,kabardino-balkaria
penza,24612,3041,136,17,27,38,625,58,1124,0.12355761417194865,0.04566877945717536,0.04472213087800066,0.005590266359750082,0.00887865833607366,0.012495889510029596,0.20552449852022361,0.01907267346267675,0.16045708648470897,0.019825694783032668,2018,penza,penza oblast
chechnya,8563,1545,82,3,1,27,586,11,1132,0.180427420296625,0.13219666004904823,0.05307443365695793,0.001941747572815534,0.0006472491909385113,0.017475728155339806,0.37928802588996763,0.007119741100323625,0.2705177993527508,0.04880882868153684,2018,chechnya,chechnya
luhansk,4724,338,7,1,1,7,162,9,191,0.07154953429297206,0.04043183742591024,0.020710059171597635,0.0029585798816568047,0.0029585798816568047,0.020710059171597635,0.47928994082840237,0.026627218934911243,0.33136094674556216,0.02370872142252329,2018,luhansk,luhansk
altai rep.,5582,819,115,18,4,1,71,27,434,0.14672160515944105,0.07774991042637047,0.14041514041514042,0.02197802197802198,0.004884004884004884,0.001221001221001221,0.08669108669108669,0.03296703296703297,0.12228327228327229,0.0179415979935507,2018,altai rep.,altai rep.
udmurtia,37545,2686,64,18,7,9,236,30,833,0.07154081768544414,0.0221867092821947,0.023827252419955324,0.006701414743112435,0.0026061057334326137,0.0033507073715562173,0.08786299329858525,0.011169024571854059,0.07163067758749068,0.0051245172459715,2018,udmurtia,udmurt republic
kurgan,12331,1513,50,7,6,10,521,52,798,0.12269888897899603,0.06471494607087827,0.03304692663582287,0.004626569729015202,0.0039656311962987445,0.006609385327164574,0.34434897554527427,0.034368803701255786,0.2488433575677462,0.030532803503365503,2018,kurgan,kurgan
astrakhan,15513,2278,68,5,2,14,297,272,639,0.14684458196351446,0.04119125894411139,0.029850746268656716,0.0021949078138718174,0.000877963125548727,0.006145741878841089,0.13037752414398596,0.11940298507462686,0.13270412642669008,0.019486881969960675,2018,astrakhan,astrakhan
arkhangelsk,20165,1512,79,5,7,10,140,62,763,0.0749814034217704,0.03783783783783784,0.052248677248677246,0.0033068783068783067,0.004629629629629629,0.006613756613756613,0.09259259259259259,0.041005291005291,0.09374999999999999,0.007029506570790974,2018,arkhangelsk,arkhangelsk oblast
bashkortostan,80250,7140,347,73,22,69,1413,111,2923,0.08897196261682243,0.03642367601246106,0.048599439775910365,0.010224089635854342,0.0030812324929971988,0.009663865546218488,0.19789915966386554,0.015546218487394958,0.1550840336134454,0.013798130841121496,2018,bashkortostan,bashkortostan
tula,35231,3565,101,20,13,29,936,34,1339,0.10118929351991145,0.03800630126876898,0.02833099579242637,0.005610098176718092,0.0036465638148667602,0.008134642356241234,0.26255259467040676,0.009537166900420757,0.18697054698457224,0.018919417558400275,2018,tula,tula oblast
komi,17624,1099,64,4,2,6,98,31,634,0.062358147980027236,0.03597367226509306,0.05823475887170155,0.003639672429481347,0.0018198362147406734,0.00545950864422202,0.08917197452229299,0.028207461328480437,0.08898999090081892,0.005549251021334543,2018,komi,komi republic
kursk,19079,2617,66,26,15,21,661,60,912,0.13716651816132922,0.04780124744483463,0.025219717233473445,0.009935040122277417,0.00573175391669851,0.008024455483377914,0.25257928926251433,0.02292701566679404,0.1850019105846389,0.025376067928088476,2018,kursk,kursk oblast
kirov,32200,2482,223,22,6,21,492,36,1449,0.07708074534161491,0.045,0.08984689766317486,0.008863819500402902,0.0024174053182917004,0.008460918614020952,0.1982272360999194,0.014504431909750202,0.16873489121676066,0.013006211180124223,2018,kirov,kirov oblast
kalmykia,3262,682,52,7,4,3,115,21,325,0.20907418761496016,0.09963212752912323,0.07624633431085044,0.010263929618768328,0.005865102639296188,0.004398826979472141,0.16862170087976538,0.030791788856304986,0.15021994134897362,0.03140711220110362,2018,kalmykia,kalmykia
magadan,4096,540,3,0,2,3,33,140,212,0.1318359375,0.0517578125,0.005555555555555556,0.0,0.003703703703703704,0.005555555555555556,0.06111111111111111,0.25925925925925924,0.12120370370370369,0.015979003906249997,2018,magadan,magadan
samara,111925,9225,135,24,15,30,1406,123,2014,0.08242126423944605,0.017994192539647087,0.014634146341463415,0.0026016260162601626,0.0016260162601626016,0.0032520325203252032,0.1524119241192412,0.013333333333333334,0.10973441734417345,0.009044449408085773,2018,samara,samara oblast
ivanovo,31553,2432,93,10,5,10,484,22,866,0.07707666465946186,0.027445884701930087,0.038240131578947366,0.004111842105263158,0.002055921052631579,0.004111842105263158,0.19901315789473684,0.009046052631578948,0.14761513157894737,0.011377681995372866,2018,ivanovo,ivanovo
perm,74736,4673,224,20,13,16,762,46,1883,0.06252676086491116,0.025195354313851424,0.04793494543120051,0.004279905842071475,0.0027819387973464582,0.0034239246736571796,0.16306441258292317,0.00984378343676439,0.12800128397175262,0.008003505673303362,2018,perm,perm krai
chelyabinsk,97113,6246,103,18,5,27,982,162,1621,0.06431682678941028,0.01669189500890715,0.0164905539545309,0.002881844380403458,0.0008005123278898495,0.004322766570605188,0.15722062119756644,0.025936599423631124,0.11731508165225744,0.007545333786413766,2018,chelyabinsk,chelyabinsk oblast
zaporizhzhia,2074,721,3,0,1,3,646,8,664,0.3476374156219865,0.3201542912246866,0.004160887656033287,0.0,0.0013869625520110957,0.004160887656033287,0.8959778085991679,0.011095700416088766,0.5881414701803052,0.20445998071359694,2018,zaporizhzhia,zaporizhzhia
sakhalin,15064,2650,30,4,7,6,323,1045,1327,0.17591609134360064,0.08809081253319172,0.011320754716981131,0.0015094339622641509,0.0026415094339622643,0.0022641509433962265,0.12188679245283018,0.39433962264150946,0.20286792452830188,0.035687732342007436,2018,sakhalin,sakhalin
jewish ao,2738,411,6,0,3,1,162,11,234,0.15010956902848796,0.08546384222059898,0.014598540145985401,0.0,0.0072992700729927005,0.0024330900243309003,0.39416058394160586,0.0267639902676399,0.2715328467153285,0.04075967859751645,2018,jewish ao,jewish ao
marij el,13002,1176,71,3,4,17,168,25,476,0.0904476234425473,0.03660975234579295,0.06037414965986394,0.002551020408163265,0.003401360544217687,0.01445578231292517,0.14285714285714285,0.021258503401360544,0.12402210884353741,0.011217504999230887,2018,marij el,marij el
ulyanovsk,26473,2488,74,11,11,20,487,39,796,0.09398254825671438,0.030068371548370037,0.0297427652733119,0.0044212218649517685,0.0044212218649517685,0.008038585209003215,0.19573954983922828,0.01567524115755627,0.14575964630225077,0.013698862992482904,2018,ulyanovsk,ulyanovsk oblast
nenets ao,811,114,5,1,0,1,2,21,57,0.1405672009864365,0.07028360049321825,0.043859649122807015,0.008771929824561403,0.0,0.008771929824561403,0.017543859649122806,0.18421052631578946,0.08552631578947367,0.012022194821208382,2018,nenets ao,nenets ao
amur,14285,1576,17,4,1,6,380,14,636,0.11032551627581379,0.04452222611130557,0.010786802030456852,0.0025380710659898475,0.0006345177664974619,0.0038071065989847717,0.24111675126903553,0.008883248730964468,0.16453045685279188,0.018151907595379768,2018,amur,amur
donetsk,13431,623,9,3,7,13,263,18,322,0.04638522820341002,0.023974387610751248,0.014446227929373997,0.004815409309791332,0.011235955056179775,0.02086677367576244,0.42215088282504015,0.028892455858747994,0.2952648475120386,0.013695927332290971,2018,donetsk,donetsk
murmansk,16910,1933,13,1,4,5,142,370,522,0.1143110585452395,0.03086930810171496,0.006725297465080186,0.0005173305742369374,0.0020693222969477496,0.002586652871184687,0.0734609415416451,0.19141231246766685,0.10856182100362131,0.012409816676522767,2018,murmansk,murmansk oblast
krasnoyarsk,74669,6347,123,27,24,27,828,143,2471,0.08500180797921493,0.03309271585262961,0.01937923428391366,0.004253978257444462,0.0037813140066172996,0.004253978257444462,0.13045533322829683,0.022530329289428077,0.10098471718922326,0.00858388353935368,2018,krasnoyarsk,krasnoyarsk krai
kaluga,24715,2455,194,16,16,12,726,61,1295,0.09933238923730528,0.05239732955694922,0.07902240325865581,0.006517311608961304,0.006517311608961304,0.004887983706720978,0.2957230142566191,0.02484725050916497,0.23132382892057024,0.0229779486142019,2018,kaluga,kaluga oblast
pskov,14872,1657,163,10,8,17,347,86,962,0.11141742872512103,0.06468531468531469,0.09837054918527459,0.006035003017501509,0.004828002414001207,0.010259505129752565,0.20941460470730236,0.05190102595051298,0.1903741701870851,0.021211000537923616,2018,pskov,pskov
leningrad,31984,2725,172,22,24,45,641,177,1608,0.08519884942471236,0.05027513756878439,0.06311926605504588,0.008073394495412844,0.008807339449541285,0.01651376146788991,0.23522935779816515,0.06495412844036698,0.20117431192660554,0.01713981990995498,2018,leningrad,leningrad oblast
belgorod,38156,4444,81,26,32,34,659,76,1056,0.11646923157563686,0.027675857008072124,0.018226822682268228,0.0058505850585058505,0.0072007200720072,0.00765076507650765,0.1482898289828983,0.017101710171017102,0.11230873087308732,0.013080511584023484,2018,belgorod,belgorod oblast
vologda,41533,2609,199,27,18,44,350,49,1338,0.06281751859966773,0.03221534683263911,0.07627443464929091,0.010348792640858567,0.006899195093905711,0.01686469911843618,0.13415101571483326,0.018781142200076657,0.12637025680337294,0.007938265957190667,2018,vologda,vologda oblast
yaroslavl,45375,3058,234,5,10,25,360,46,1061,0.0673939393939394,0.02338292011019284,0.07652060170045781,0.0016350555918901242,0.0032701111837802484,0.008175277959450621,0.11772400261608895,0.015042511445389144,0.11026814911706999,0.007431404958677687,2018,yaroslavl,yaroslavl oblast
crimea,32166,3734,65,24,21,29,1158,196,1568,0.11608530746751228,0.04874712429273145,0.017407605784681306,0.006427423674343867,0.005623995715050884,0.007766470273165506,0.31012319228709156,0.05249062667380825,0.22759775040171396,0.02642075483429708,2018,crimea,republic of crimea
kostroma,14242,1344,110,4,10,12,271,14,818,0.09436876843140009,0.057435753405420585,0.0818452380952381,0.002976190476190476,0.00744047619047619,0.008928571428571428,0.20163690476190477,0.010416666666666666,0.1667782738095238,0.01573866030051959,2018,kostroma,kostroma
karachaevo-chercessia,5816,1007,204,8,1,14,188,16,587,0.17314305364511692,0.10092847317744154,0.2025819265143992,0.007944389275074478,0.0009930486593843098,0.013902681231380337,0.18669314796425024,0.015888778550148957,0.2013406156901688,0.03486072902338377,2018,karachaevo-chercessia,karachaevo-chercessia
mordovia,11920,1143,67,11,7,12,261,19,461,0.09588926174496644,0.0386744966442953,0.05861767279090114,0.009623797025371828,0.006124234470691163,0.010498687664041995,0.2283464566929134,0.016622922134733157,0.1794400699912511,0.017206375838926175,2018,mordovia,mordovia
ingushetia,4727,512,26,4,0,8,137,6,213,0.10831394118891474,0.04506029193991961,0.05078125,0.0078125,0.0,0.015625,0.267578125,0.01171875,0.19951171874999998,0.021609900571186797,2018,ingushetia,ingushetia
adygeya,6429,974,27,4,1,20,307,16,433,0.1515010110437082,0.06735106548452326,0.027720739219712527,0.004106776180698152,0.001026694045174538,0.02053388090349076,0.31519507186858314,0.01642710472279261,0.22387063655030803,0.033916627780370204,2018,adygeya,adygeya
smolensk,26502,3673,263,22,9,23,572,58,1467,0.13859331371217268,0.05535431288204664,0.07160359379254015,0.005989654233596515,0.002450313095562211,0.0062619112442145386,0.1557310100735094,0.015790906615845358,0.13407296487884562,0.018581616481774962,2018,smolensk,smolensk oblast
sverdlovsk,151757,9147,214,38,17,40,1379,123,2694,0.06027399065611471,0.017752064155195476,0.023395648846616376,0.004154367552202908,0.001858532852301301,0.004373018476003061,0.15075981196020552,0.013447031813709412,0.11237564228708866,0.0067733284131868705,2018,sverdlovsk,sverdlovsk oblast
chukotka,762,180,1,0,2,2,5,72,118,0.23622047244094488,0.15485564304461943,0.005555555555555556,0.0,0.011111111111111112,0.011111111111111112,0.027777777777777776,0.4,0.14444444444444443,0.03412073490813648,2018,chukotka,chukotka
buryatia,17920,2203,99,15,3,9,326,49,1008,0.12293526785714286,0.05625,0.044938719927371765,0.006808896958692692,0.0013617793917385383,0.0040853381752156154,0.14798002723558784,0.02224239673172946,0.1212437585111212,0.014905133928571427,2018,buryatia,buryatia
bryansk,18368,2170,152,9,8,11,433,25,830,0.11814024390243902,0.04518728222996516,0.07004608294930875,0.004147465437788019,0.003686635944700461,0.005069124423963134,0.19953917050691244,0.01152073732718894,0.16039170506912445,0.018948715156794426,2018,bryansk,bryansk oblast
zabaikalsk terr.,11909,1797,54,17,4,2,290,7,686,0.15089428163573768,0.05760349315643631,0.03005008347245409,0.009460211463550361,0.0022259321090706734,0.0011129660545353367,0.16138007790762382,0.0038953811908736783,0.11967167501391208,0.018057771433369722,2018,zabaikalsk terr.,zabaikalsk terr.
sevastopol,11459,895,12,9,6,2,114,60,201,0.07810454664455886,0.017540797626319923,0.013407821229050279,0.01005586592178771,0.0067039106145251395,0.0022346368715083797,0.12737430167597766,0.0670391061452514,0.11212290502793298,0.008757308665677635,2018,sevastopol,sevastopol
north ossetia,8309,1533,117,7,5,26,518,29,752,0.18449873631002528,0.09050427247562884,0.07632093933463796,0.0045662100456621,0.0032615786040443573,0.016960208741030658,0.3378995433789954,0.018917155903457272,0.2565231572080887,0.04732819833915032,2018,north ossetia,north ossetia
tambov,16193,3080,39,11,7,13,764,28,1033,0.19020564441425308,0.0637929969740011,0.012662337662337663,0.0035714285714285713,0.0022727272727272726,0.0042207792207792205,0.24805194805194805,0.00909090909090909,0.17048701298701296,0.032427592169455934,2018,tambov,tambov oblast
orenburg,34133,4202,89,19,24,38,1139,61,1963,0.12310667096358363,0.05751032724928954,0.021180390290337935,0.004521656354117087,0.005711565920990005,0.009043312708234174,0.27106139933365064,0.014516896715849596,0.19187291765825798,0.02362083614097794,2018,orenburg,orenburg oblast
kherson,965,548,4,0,1,2,499,6,517,0.5678756476683938,0.5357512953367876,0.0072992700729927005,0.0,0.0018248175182481751,0.0036496350364963502,0.9105839416058394,0.010948905109489052,0.5987226277372263,0.34,2018,kherson,kherson
sankt-petersburg,370020,17273,95,44,4,12,527,272,1336,0.046681260472406894,0.003610615642397708,0.005499913159265906,0.0025473282000810513,0.00023157529091645922,0.0006947258727493776,0.030510044578243502,0.015747119782319227,0.0272795692699589,0.0012734446786660182,2018,sankt-petersburg,st. petersburg
novgorod,13130,1162,106,4,8,16,169,50,740,0.0884996191926885,0.05635948210205636,0.09122203098106713,0.0034423407917383822,0.0068846815834767644,0.013769363166953529,0.14543889845094665,0.043029259896729774,0.14401893287435455,0.012745620715917746,2018,novgorod,novgorod
rostov,81938,9678,105,31,14,58,2372,190,2894,0.11811369572115502,0.03531938782982255,0.010849349039057656,0.0032031411448646416,0.001446579871874354,0.005992973754908039,0.24509196114899773,0.019632155404009092,0.17105806984914237,0.020204300812809682,2018,rostov,rostov oblast
khakasia,8386,863,39,11,3,5,96,34,303,0.10290961125685666,0.03613164798473647,0.04519119351100811,0.012746234067207415,0.0034762456546929316,0.005793742757821553,0.11123986095017381,0.039397450753186555,0.10486674391657008,0.010791795850226564,2018,khakasia,khakasia
tatarstan,113198,7956,219,68,16,38,983,102,2100,0.0702839272778671,0.01855156451527412,0.027526395173453996,0.008547008547008548,0.002011060834590246,0.0047762694821518355,0.12355455002513827,0.01282051282051282,0.09714680744092509,0.0068278591494549375,2018,tatarstan,tatarstan
moscow city,1024894,51329,310,183,20,64,2062,523,4070,0.050082252408541764,0.003971142381553604,0.00603947086442362,0.0035652360264178144,0.00038964328157571745,0.0012468585010422958,0.04017222233045647,0.01018917181320501,0.0324582594634612,0.0016255827431910033,2018,moscow city,moscow
moscow reg.,236456,18002,458,106,44,77,3800,451,5558,0.07613255743140372,0.0235054301857428,0.025441617598044662,0.005888234640595489,0.0024441728696811466,0.004277302521942006,0.21108765692700812,0.02505277191423175,0.1563520719920009,0.011903483100449978,2018,moscow reg.,moscow oblast
dagestan,26035,5805,685,28,0,48,1286,154,4092,0.22296908008450164,0.1571730362972921,0.11800172265288544,0.0048234280792420325,0.0,0.008268733850129198,0.2215331610680448,0.02652885443583118,0.19570198105081826,0.04363549068561552,2018,dagestan,dagestan
tuva,2617,429,57,3,2,2,76,7,277,0.16392816201757737,0.10584638899503249,0.13286713286713286,0.006993006993006993,0.004662004662004662,0.004662004662004662,0.17715617715617715,0.016317016317016316,0.17016317016317017,0.027894535727932747,2018,tuva,tuva
kemerovo,43404,3044,51,14,13,18,644,59,1025,0.07013178508893189,0.02361533499216662,0.016754270696452037,0.0045992115637319315,0.0042706964520367935,0.005913272010512484,0.21156373193166886,0.01938239159001314,0.15229960578186597,0.010681043221822872,2018,kemerovo,kemerovo oblast
karelia,21422,1604,34,3,1,8,275,172,1012,0.07487629539725515,0.04724115395387919,0.02119700748129676,0.0018703241895261845,0.0006234413965087282,0.004987531172069825,0.17144638403990026,0.10723192019950124,0.1524002493765586,0.011411166090934554,2018,karelia,republic of karelia
khabarovsk,40866,4533,40,9,13,5,464,659,1688,0.11092350609308471,0.04130573092546371,0.008824178248400618,0.001985440105890139,0.002867857930730201,0.0011030222810500773,0.10236046768144716,0.14537833664240019,0.11461504522391353,0.012713502667253952,2018,khabarovsk,khabarovsk
voronezh,56728,7835,129,35,26,35,1174,67,1666,0.1381152164715837,0.02936821322803554,0.016464582003828974,0.004467134652201659,0.003318442884492661,0.004467134652201659,0.14984045947670707,0.00855137204850032,0.10834077855775368,0.014963510083204063,2018,voronezh,voronezh oblast
ryazan,28454,2776,109,20,11,16,452,37,918,0.0975609756097561,0.03226259928305335,0.03926512968299712,0.007204610951008645,0.003962536023054755,0.005763688760806916,0.1628242074927954,0.013328530259365994,0.12723342939481266,0.012413017501932943,2018,ryazan,ryazan oblast
nizhni novgorod,93189,6602,273,24,22,32,987,102,1916,0.07084527143761603,0.020560366566869482,0.04135110572553772,0.0036352620418055137,0.003332323538321721,0.004847016055740685,0.14950015146925175,0.015449863677673432,0.11875189336564679,0.00841301011922008,2018,nizhni novgorod,nizhny novgorod oblast
chuvashia,22772,2149,106,10,6,19,477,32,738,0.09437027929035657,0.03240822062181627,0.049325267566309915,0.004653327128897162,0.002791996277338297,0.008841321544904607,0.2219637040483946,0.014890646812470917,0.16919497440670078,0.015966976989285085,2018,chuvashia,chuvash republic
stavropol,40660,6035,90,21,17,49,1348,74,1813,0.14842597147073291,0.04458927693064437,0.014913007456503728,0.0034797017398508698,0.0028169014084507044,0.00811930405965203,0.22336371168185584,0.012261806130903066,0.15687655343827672,0.02328455484505657,2018,stavropol,stavropol krai
sakhalin,11638,2036,24,9,3,3,275,757,1023,0.17494414847912013,0.08790170132325142,0.011787819253438114,0.0044204322200392925,0.0014734774066797642,0.0014734774066797642,0.13506876227897838,0.3718074656188605,0.20515717092337918,0.03589104657157587,2023,sakhalin,sakhalin
zabaikalsk terr.,10320,1162,44,26,2,4,215,7,539,0.1125968992248062,0.052228682170542634,0.0378657487091222,0.022375215146299483,0.0017211703958691911,0.0034423407917383822,0.18502581755593803,0.006024096385542169,0.14186746987951807,0.015973837209302323,2023,zabaikalsk terr.,zabaikalsk terr.
bryansk,12395,1327,107,11,3,7,295,17,550,0.10705929810407422,0.04437273093989512,0.08063300678221552,0.008289374529012811,0.002260738507912585,0.0052750565184626974,0.22230595327807084,0.01281085154483798,0.17999246420497364,0.01926986688180718,2023,bryansk,bryansk oblast
yaroslavl,30076,1730,144,14,5,24,246,29,745,0.05752094693443277,0.024770581194307754,0.08323699421965318,0.008092485549132947,0.002890173410404624,0.013872832369942197,0.14219653179190753,0.01676300578034682,0.13141618497109828,0.007559183402048145,2023,yaroslavl,yaroslavl oblast
samara,77739,5261,121,36,9,22,1007,78,1483,0.0676751694773537,0.01907665393174597,0.022999429766204144,0.006842805550275613,0.0017107013875689032,0.004181714502946208,0.19140847747576506,0.014826078692263827,0.13967876829500095,0.009452784316752208,2023,samara,samara oblast
chuvashia,17681,1438,88,17,6,9,376,21,553,0.08133024150217748,0.03127651150953,0.061196105702364396,0.011821974965229486,0.004172461752433936,0.006258692628650904,0.2614742698191933,0.014603616133518776,0.20069541029207233,0.016322606187432837,2023,chuvashia,chuvash republic
kostroma,11079,977,81,8,6,9,219,15,670,0.08818485422872101,0.060474772091343984,0.08290685772773797,0.008188331627430911,0.006141248720573183,0.009211873080859774,0.2241555783009212,0.015353121801432957,0.18428863868986695,0.016251466738875352,2023,kostroma,kostroma
khabarovsk,30215,2974,46,4,7,5,399,529,1356,0.09842793314578852,0.04487837166970048,0.01546738399462004,0.0013449899125756557,0.0023537323470073975,0.0016812373907195697,0.13416274377942167,0.17787491593813046,0.14715870880968393,0.014484527552540129,2023,khabarovsk,khabarovsk
baikonur,251,28,0,0,0,0,0,0,1,0.11155378486055777,0.00398406374501992,0.0,0.0,0.0,0.0,0.0,0.0,0.0,0.0,2023,baikonur,baikonur
lipetzk,16336,1624,88,30,10,27,397,24,649,0.09941234084231146,0.03972820763956905,0.054187192118226604,0.01847290640394089,0.006157635467980296,0.0166256157635468,0.24445812807881773,0.014778325123152709,0.19094827586206894,0.018982615083251712,2023,lipetzk,lipetzk
volgograd,27644,2671,41,18,5,18,1005,57,1232,0.09662132831717551,0.044566632904065984,0.015350056158742045,0.0067390490453013855,0.0018719580681392737,0.0067390490453013855,0.376263571695994,0.02134032197678772,0.25950954698614753,0.025074157140790046,2023,volgograd,volgograd oblast
kemerovo,31712,1953,38,12,7,16,485,45,773,0.061585519677093845,0.024375630676084763,0.01945724526369688,0.006144393241167435,0.0035842293906810036,0.00819252432155658,0.24833589349718382,0.02304147465437788,0.17880184331797236,0.011011604439959638,2023,kemerovo,kemerovo oblast
kabardino-balkaria,8761,1774,93,26,1,33,651,11,914,0.2024883004223262,0.10432599018376898,0.052423900789177004,0.014656144306651634,0.0005636978579481398,0.018602029312288614,0.366967305524239,0.0062006764374295375,0.2653325817361894,0.05372674352242894,2023,kabardino-balkaria,kabardino-balkaria
ivanovo,22390,1396,75,7,5,3,363,19,625,0.062349263063867795,0.027914247431889236,0.053724928366762174,0.00501432664756447,0.0035816618911174787,0.002148997134670487,0.2600286532951289,0.013610315186246419,0.19437679083094556,0.01211924966502903,2023,ivanovo,ivanovo
udmurtia,29998,1924,61,26,5,12,178,28,663,0.06413760917394493,0.022101473431562105,0.03170478170478171,0.013513513513513514,0.002598752598752599,0.006237006237006237,0.09251559251559252,0.014553014553014554,0.08056133056133057,0.005167011134075605,2023,udmurtia,udmurt republic
nenets ao,801,116,4,1,0,0,1,24,59,0.14481897627965043,0.07365792759051186,0.034482758620689655,0.008620689655172414,0.0,0.0,0.008620689655172414,0.20689655172413793,0.08189655172413793,0.011860174781523096,2023,nenets ao,nenets ao
marij el,9453,823,74,4,5,12,130,13,348,0.08706230826192743,0.03681370993335449,0.0899149453219927,0.004860267314702308,0.006075334143377886,0.014580801944106925,0.15795868772782504,0.015795868772782502,0.14380315917375458,0.01251983497302444,2023,marij el,marij el
chelyabinsk,71432,3755,71,14,4,20,707,128,1129,0.052567476761115464,0.015805241348415277,0.018908122503328895,0.0037283621837549932,0.0010652463382157123,0.005326231691078562,0.18828229027962717,0.034087882822902794,0.1412250332889481,0.007423843655504536,2023,chelyabinsk,chelyabinsk oblast
irkutsk,43569,3173,84,52,6,11,590,58,1582,0.07282701003006725,0.0363102205696711,0.026473369051370942,0.016388276079420106,0.0018909549322407816,0.0034667507091080997,0.18594390167034353,0.018279231011660887,0.14070280491648282,0.01024696458491129,2023,irkutsk,irkutsk oblast
kherson,1570,725,6,0,1,2,632,8,656,0.46178343949044587,0.4178343949044586,0.008275862068965517,0.0,0.001379310344827586,0.002758620689655172,0.8717241379310345,0.011034482758620689,0.5735862068965517,0.26487261146496816,2023,kherson,kherson
mordovia,9263,793,65,8,5,7,176,8,332,0.08560941379682609,0.03584152002590953,0.08196721311475409,0.01008827238335435,0.006305170239596469,0.008827238335435058,0.22194199243379573,0.01008827238335435,0.18139974779319043,0.01552952607146713,2023,mordovia,mordovia
vladimir,21947,1592,162,19,5,12,232,59,583,0.07253838793456964,0.026563995079054086,0.10175879396984924,0.01193467336683417,0.00314070351758794,0.007537688442211055,0.1457286432160804,0.03706030150753769,0.146356783919598,0.010616485168815783,2023,vladimir,vladimir oblast
sankt-petersburg,223364,8061,81,27,1,6,337,188,752,0.036089074336061316,0.003366701885711216,0.010048381094157052,0.0033494603647190174,0.00012405408758218582,0.000744324525493115,0.04180622751519662,0.023322168465450935,0.03866765909936732,0.001395480023638545,2023,sankt-petersburg,st. petersburg
kaluga,19706,1766,148,20,9,10,562,51,1001,0.08961737541865422,0.05079671166142292,0.08380520951302378,0.011325028312570781,0.005096262740656852,0.0056625141562853904,0.318233295583239,0.028878822197055492,0.24980181200453003,0.022386582766670052,2023,kaluga,kaluga oblast
omsk,34289,2630,92,34,5,16,490,67,788,0.07670098282247952,0.022981130974948236,0.0349809885931559,0.012927756653992395,0.0019011406844106464,0.006083650190114068,0.18631178707224336,0.02547528517110266,0.14560836501901142,0.011168304704132522,2023,omsk,omsk oblast
orenburg,23369,2580,54,20,10,25,797,35,1331,0.11040267020411657,0.05695579614018571,0.020930232558139535,0.007751937984496124,0.003875968992248062,0.009689922480620155,0.30891472868217057,0.013565891472868217,0.21655038759689926,0.023907741024434083,2023,orenburg,orenburg oblast
krasnoyarsk,55817,4175,103,32,15,16,644,137,1934,0.07479800060913341,0.03464894207857821,0.02467065868263473,0.007664670658682635,0.003592814371257485,0.0038323353293413173,0.15425149700598803,0.03281437125748503,0.12213173652694612,0.009135209703137036,2023,krasnoyarsk,krasnoyarsk krai
komi,11393,664,51,5,0,2,85,21,355,0.0582814008601773,0.03115948389361889,0.07680722891566265,0.007530120481927711,0.0,0.0030120481927710845,0.1280120481927711,0.03162650602409638,0.12191265060240965,0.0071052400596857725,2023,komi,komi republic
jewish ao,1819,292,7,1,0,0,125,1,163,0.1605277625068719,0.08960967564595931,0.023972602739726026,0.003424657534246575,0.0,0.0,0.4280821917808219,0.003424657534246575,0.288527397260274,0.04631665750412314,2023,jewish ao,jewish ao
khanty-mansijsk,26900,1866,22,3,3,3,485,166,905,0.06936802973977695,0.03364312267657993,0.011789924973204717,0.001607717041800643,0.001607717041800643,0.001607717041800643,0.25991425509110394,0.08896034297963558,0.2008038585209003,0.013929368029739774,2023,khanty-mansijsk,khanty-mansijsk
tambov,11130,1799,22,11,4,6,592,24,792,0.16163522012578616,0.07115902964959568,0.012229016120066704,0.006114508060033352,0.0022234574763757642,0.0033351862145636463,0.3290717065036131,0.013340744858254585,0.2247637576431351,0.03632973944294699,2023,tambov,tambov oblast
oryol,10129,1175,32,9,3,5,412,22,519,0.11600355415144634,0.05123901668476651,0.02723404255319149,0.007659574468085106,0.002553191489361702,0.00425531914893617,0.3506382978723404,0.01872340425531915,0.24625531914893617,0.028566492249975317,2023,oryol,oryol
saratov,34515,3125,59,24,4,27,969,78,1238,0.09054034477763291,0.03586846298710705,0.01888,0.00768,0.00128,0.00864,0.31008,0.02496,0.21918400000000002,0.019844994929740692,2023,saratov,saratov oblast
buryatia,17194,1454,79,47,3,4,195,47,721,0.08456438292427591,0.04193323252297313,0.054332874828060526,0.032324621733149934,0.0020632737276478678,0.002751031636863824,0.13411279229711143,0.032324621733149934,0.12489683631361762,0.010561823892055369,2023,buryatia,buryatia
krasnodar,101393,10547,128,35,25,61,2597,337,3516,0.10402098764214492,0.03467695008531161,0.012136152460415285,0.003318479188394804,0.00237034227742486,0.005783635156916659,0.24623115577889448,0.03195221389968712,0.1761733194273253,0.018325722683025455,2023,krasnodar,krasnodar krai
rostov,61255,6289,91,46,10,53,1846,166,2225,0.1026691698636846,0.03632356542323076,0.014469709015741771,0.007314358403561774,0.0015900779138177772,0.008427412943234219,0.29352838289076166,0.0263952933693751,0.20726665606614725,0.021279895518733168,2023,rostov,rostov oblast
karachaevo-chercessia,4891,712,118,15,1,11,156,8,401,0.1455735023512574,0.08198732365569414,0.16573033707865167,0.021067415730337078,0.0014044943820224719,0.01544943820224719,0.21910112359550563,0.011235955056179775,0.21172752808988762,0.030821917808219173,2023,karachaevo-chercessia,karachaevo-chercessia
khakasia,6651,631,35,13,1,6,74,22,264,0.0948729514358743,0.03969327920613441,0.0554675118858954,0.020602218700475437,0.001584786053882726,0.009508716323296355,0.11727416798732171,0.03486529318541997,0.11307448494453248,0.01072771011877913,2023,khakasia,khakasia
sverdlovsk,114868,5599,171,31,12,17,1152,78,2080,0.04874290489953686,0.01810774105930285,0.030541168065726022,0.0055367029826754776,0.0021432398642614752,0.0030362564743704233,0.20575102696910164,0.013931059117699589,0.15098231827111985,0.007359316781000801,2023,sverdlovsk,sverdlovsk oblast
zaporizhzhia,3587,981,7,2,1,3,792,16,813,0.2734875940897686,0.22665179816002232,0.007135575942915392,0.0020387359836901123,0.0010193679918450561,0.0030581039755351682,0.8073394495412844,0.0163098878695209,0.5333843017329256,0.145873989406189,2023,zaporizhzhia,zaporizhzhia
penza,18299,1804,54,13,9,16,421,33,680,0.09858462211049784,0.037160500573801845,0.02993348115299335,0.007206208425720621,0.004988913525498891,0.008869179600886918,0.23337028824833703,0.018292682926829267,0.17203436807095346,0.01695994316629324,2023,penza,penza oblast
tyumen,36112,2058,90,15,7,12,362,72,827,0.056989366415595925,0.02290097474523704,0.043731778425655975,0.007288629737609329,0.003401360544217687,0.0058309037900874635,0.17589893100097181,0.03498542274052478,0.14368318756073858,0.008188413823659726,2023,tyumen,tyumen oblast
stavropol,27998,3649,92,29,4,38,1033,62,1380,0.1303307379098507,0.04928923494535324,0.025212386955330228,0.007947382844614962,0.0010961907371882709,0.010413812003288572,0.2830912578788709,0.016990956426418197,0.20175390517950123,0.026294735338238444,2023,stavropol,stavropol krai
ryazan,20920,1751,92,19,9,7,376,24,687,0.08369980879541108,0.032839388145315486,0.052541404911479156,0.010850942318675044,0.005139920045688178,0.003997715591090805,0.21473443746430612,0.013706453455168474,0.16667618503712167,0.013950764818355641,2023,ryazan,ryazan oblast
vologda,29282,1643,150,21,8,23,275,46,1019,0.05610955535824056,0.03479953555085035,0.09129640900791236,0.01278149726110773,0.004869141813755326,0.01399878271454656,0.16737674984783932,0.02799756542909312,0.1556603773584906,0.008734034560480844,2023,vologda,vologda oblast
pskov,10176,1028,125,4,1,11,242,60,672,0.10102201257861636,0.0660377358490566,0.12159533073929961,0.0038910505836575876,0.0009727626459143969,0.010700389105058366,0.23540856031128404,0.058365758754863814,0.2159046692607004,0.02181112421383648,2023,pskov,pskov
amur,11782,1161,10,4,1,7,294,15,507,0.09854014598540146,0.043031743337294176,0.008613264427217916,0.0034453057708871662,0.0008613264427217916,0.006029285099052541,0.2532299741602067,0.012919896640826873,0.17347114556416882,0.017093872008148023,2023,amur,amur
tuva,2623,402,62,15,0,2,75,16,289,0.15325962638200533,0.11017918414029737,0.15422885572139303,0.03731343283582089,0.0,0.004975124378109453,0.1865671641791045,0.03980099502487562,0.19726368159203983,0.030232558139534887,2023,tuva,tuva
voronezh,37382,3840,78,32,13,24,792,60,1132,0.10272323578192713,0.03028195388154727,0.0203125,0.008333333333333333,0.0033854166666666668,0.00625,0.20625,0.015625,0.14972656250000002,0.015380396982504952,2023,voronezh,voronezh oblast
astrakhan,10772,1459,44,10,1,7,227,215,462,0.13544374303750464,0.04288897140735239,0.03015764222069911,0.006854009595613434,0.0006854009595613434,0.004797806716929404,0.15558601782042494,0.14736120630568883,0.15849897189856066,0.02146769402153732,2023,astrakhan,astrakhan
murmansk,12271,1185,11,2,2,2,139,275,413,0.0965691467688045,0.03365658870507701,0.009282700421940928,0.0016877637130801688,0.0016877637130801688,0.0016877637130801688,0.11729957805907174,0.2320675105485232,0.150210970464135,0.014505745253035612,2023,murmansk,murmansk oblast
arkhangelsk,15640,990,56,4,1,6,104,60,533,0.0632992327365729,0.03407928388746803,0.05656565656565657,0.00404040404040404,0.00101010101010101,0.006060606060606061,0.10505050505050505,0.06060606060606061,0.10843434343434344,0.006863810741687981,2023,arkhangelsk,arkhangelsk oblast
tver,24422,2205,226,10,5,18,524,54,1329,0.09028744574563918,0.05441814757186143,0.10249433106575964,0.0045351473922902496,0.0022675736961451248,0.00816326530612245,0.23764172335600908,0.024489795918367346,0.2006122448979592,0.018112767177135374,2023,tver,tver oblast
sevastopol,10979,823,14,4,1,3,139,59,223,0.07496128973494853,0.020311503779943528,0.01701093560145808,0.004860267314702308,0.001215066828675577,0.0036452004860267314,0.16889428918590524,0.07168894289185905,0.13930741190765494,0.010442663266235542,2023,sevastopol,sevastopol
leningrad,32315,2267,168,19,15,33,446,178,1214,0.07015317963793903,0.03756769302181649,0.0741067490074989,0.008381120423467137,0.0066166740185266875,0.014556682840758712,0.19673577415086016,0.07851786501985002,0.183303925893251,0.012859353241528702,2023,leningrad,leningrad oblast
kalmykia,3725,505,26,26,2,0,86,15,255,0.13557046979865772,0.06845637583892618,0.05148514851485148,0.05148514851485148,0.0039603960396039604,0.0,0.1702970297029703,0.0297029702970297,0.1514851485148515,0.020536912751677856,2023,kalmykia,kalmykia
novosibirsk,88922,6261,210,45,7,28,869,145,1512,0.07041002226670565,0.01700366613436495,0.033540967896502155,0.007187350263536177,0.0011180322632167385,0.004472129052866954,0.13879571953362083,0.023159239738061013,0.11165149337166587,0.007861384134409932,2023,novosibirsk,novosibirsk oblast
dagestan,22298,4446,476,40,0,43,1132,169,3158,0.19939007982778725,0.1416270517535205,0.10706252811515969,0.00899685110211426,0.0,0.009671614934772829,0.2546108861898336,0.038011695906432746,0.21807242465137205,0.04348147815947619,2023,dagestan,dagestan
donetsk,16891,955,11,1,8,13,427,24,507,0.056538985258421645,0.03001598484399976,0.011518324607329843,0.0010471204188481676,0.008376963350785341,0.013612565445026177,0.44712041884816756,0.025130890052356022,0.3065968586387435,0.0173346752708543,2023,donetsk,donetsk
altai rep.,3948,556,75,29,2,1,43,21,348,0.1408308004052685,0.08814589665653495,0.13489208633093525,0.052158273381294966,0.0035971223021582736,0.0017985611510791368,0.07733812949640288,0.03776978417266187,0.12302158273381297,0.017325227963525838,2023,altai rep.,altai rep.
perm,49305,2640,161,25,7,5,554,28,1263,0.053544265287496194,0.025616063279586248,0.06098484848484848,0.00946969696969697,0.0026515151515151517,0.001893939393939394,0.20984848484848484,0.010606060606060607,0.16424242424242425,0.008794239935097859,2023,perm,perm krai
moscow reg.,194056,12627,453,109,22,65,2957,343,4221,0.0650688461062786,0.021751453188770253,0.035875504870515565,0.008632295873920963,0.0017422982497822127,0.0051476993743565375,0.2341807238457274,0.027164013621604498,0.17628890472796388,0.011470915611988292,2023,moscow reg.,moscow oblast
primorsky terr.,49908,5169,68,13,6,11,991,604,1934,0.10357056984852128,0.03875130239640939,0.013155349197136778,0.0025149932288643837,0.0011607661056297156,0.0021280711936544788,0.19171986844650804,0.11685045463339137,0.1655155736119172,0.017142542277791138,2023,primorsky terr.,primorsky terr.
ingushetia,4962,713,203,9,0,9,132,5,474,0.14369205965336557,0.09552599758162031,0.2847124824684432,0.012622720897615708,0.0,0.012622720897615708,0.18513323983169705,0.0070126227208976155,0.22713884992987377,0.03263804917372027,2023,ingushetia,ingushetia
smolensk,23840,2563,193,17,6,17,441,42,1146,0.10750838926174497,0.04807046979865772,0.07530238002341007,0.006632852126414358,0.0023410066328521262,0.006632852126414358,0.17206398751463128,0.016387046429964885,0.1463519313304721,0.015734060402684564,2023,smolensk,smolensk oblast
ulyanovsk,21299,1539,70,7,6,10,393,29,619,0.07225691347011597,0.029062397295647684,0.04548408057179987,0.004548408057179987,0.003898635477582846,0.00649772579597141,0.2553606237816764,0.018843404808317088,0.19064327485380117,0.013775294614770646,2023,ulyanovsk,ulyanovsk oblast
altai terr.,38034,4980,165,37,15,16,1043,84,1651,0.1309354787821423,0.04340852921070621,0.03313253012048193,0.007429718875502008,0.0030120481927710845,0.00321285140562249,0.20943775100401607,0.016867469879518072,0.1558835341365462,0.020410685176421098,2023,altai terr.,altai krai
tatarstan,96638,5532,228,89,11,38,738,89,1614,0.057244562180508704,0.016701504584118048,0.04121475054229935,0.0160882140274765,0.0019884309472161968,0.006869125090383225,0.1334056399132321,0.0160882140274765,0.11151482284887924,0.006383617210621081,2023,tatarstan,tatarstan
kaliningrad,33206,2950,84,21,18,16,407,206,801,0.08883936637956996,0.024122146600012048,0.02847457627118644,0.00711864406779661,0.006101694915254237,0.005423728813559322,0.13796610169491524,0.06983050847457627,0.12471186440677966,0.011079323013913149,2023,kaliningrad,kaliningrad oblast
moscow city,643813,22978,226,120,7,34,1287,344,2264,0.035690487765857475,0.003516549060053152,0.009835494821133257,0.005222386630690226,0.0003046392201235965,0.0014796762120288971,0.05601009661415267,0.014970841674645312,0.04594394638349726,0.0016397618563154207,2023,moscow city,moscow
karelia,15821,1107,32,5,1,3,220,167,723,0.0699702926490108,0.04569875481954364,0.028906955736224028,0.004516711833785004,0.0009033423667570009,0.0027100271002710027,0.1987353206865402,0.15085817524841916,0.18631436314363142,0.013036470513873964,2023,karelia,republic of karelia
kirov,23965,1804,190,21,4,13,421,28,1118,0.07527644481535573,0.04665136657625704,0.10532150776053215,0.01164079822616408,0.0022172949002217295,0.007206208425720621,0.23337028824833703,0.015521064301552107,0.19775498891352553,0.014886292509910288,2023,kirov,kirov oblast
nizhni novgorod,67420,3830,224,18,9,25,738,74,1368,0.05680806882230792,0.02029071492138831,0.05848563968668407,0.004699738903394256,0.002349869451697128,0.006527415143603133,0.1926892950391645,0.019321148825065273,0.15425587467362925,0.008762978344704835,2023,nizhni novgorod,nizhny novgorod oblast
luhansk,8197,1008,14,2,1,7,632,16,685,0.12297181895815543,0.08356715871660364,0.013888888888888888,0.001984126984126984,0.000992063492063492,0.006944444444444444,0.626984126984127,0.015873015873015872,0.41894841269841265,0.05151884835915579,2023,luhansk,luhansk
crimea,28408,3241,52,15,14,19,1138,185,1501,0.11408758096310899,0.05283722894959166,0.016044430731255787,0.0046282011724776305,0.004319654427645789,0.005862388151804999,0.3511261956186362,0.05708114779389077,0.2540882443690219,0.028988313151225006,2023,crimea,republic of crimea
bashkortostan,63031,5050,319,100,15,56,1086,92,2333,0.08011930637305453,0.03701353302343292,0.06316831683168317,0.019801980198019802,0.0029702970297029703,0.011089108910891089,0.21504950495049505,0.018217821782178217,0.17471287128712873,0.01399787406196951,2023,bashkortostan,bashkortostan
chechnya,8796,1486,59,11,1,20,644,7,1119,0.16894042746703047,0.1272169167803547,0.039703903095558546,0.007402422611036339,0.0006729475100942127,0.013458950201884253,0.43337819650067294,0.004710632570659489,0.30104306864064606,0.05085834470213734,2023,chechnya,chechnya
kamchatka,7967,1425,20,1,4,3,66,711,851,0.1788628090874859,0.10681561440943893,0.014035087719298246,0.0007017543859649122,0.002807017543859649,0.002105263157894737,0.04631578947368421,0.49894736842105264,0.18589473684210525,0.0332496548261579,2023,kamchatka,kamchatka
tomsk,22385,1287,29,20,2,1,148,50,509,0.05749385749385749,0.022738440920259104,0.022533022533022532,0.01554001554001554,0.001554001554001554,0.000777000777000777,0.11499611499611499,0.03885003885003885,0.09867909867909866,0.005673442037078399,2023,tomsk,tomsk
yamal-nenets ao,6963,510,8,6,0,0,24,78,173,0.07324429125376992,0.02484561252333764,0.01568627450980392,0.011764705882352941,0.0,0.0,0.047058823529411764,0.15294117647058825,0.08490196078431372,0.006218583943702427,2023,yamal-nenets ao,yamal-nenets ao
yakutia,18663,1966,209,29,6,10,206,166,1232,0.10534212077372342,0.06601296683277072,0.10630722278738555,0.014750762970498474,0.003051881993896236,0.00508646998982706,0.10478128179043744,0.0844354018311292,0.1358596134282808,0.01431173980603333,2023,yakutia,yakutia
magadan,3163,335,5,0,1,1,22,101,156,0.1059121087575087,0.049320265570660764,0.014925373134328358,0.0,0.0029850746268656717,0.0029850746268656717,0.06567164179104477,0.30149253731343284,0.13955223880597015,0.014780271893771737,2023,magadan,magadan
kurgan,9487,1078,62,29,5,5,401,35,659,0.11362917676820913,0.06946347633603879,0.0575139146567718,0.026901669758812616,0.00463821892393321,0.00463821892393321,0.3719851576994434,0.032467532467532464,0.28024118738404447,0.03184357541899441,2023,kurgan,kurgan
novgorod,9408,749,80,9,5,9,118,39,526,0.07961309523809523,0.05590986394557823,0.1068090787716956,0.012016021361815754,0.006675567423230975,0.012016021361815754,0.157543391188251,0.0520694259012016,0.16188251001335113,0.01288796768707483,2023,novgorod,novgorod
tula,23437,2119,91,17,8,20,726,28,1001,0.09041259546870334,0.04271024448521568,0.04294478527607362,0.008022652194431336,0.0037753657385559227,0.009438414346389807,0.34261444077395,0.013213780084945729,0.24605946201038226,0.02224687459999147,2023,tula,tula oblast
kursk,14259,1570,38,21,12,7,498,48,671,0.11010589802931482,0.04705799845711481,0.024203821656050957,0.01337579617834395,0.007643312101910828,0.0044585987261146496,0.31719745222929935,0.030573248407643312,0.2297452229299363,0.025296304088645766,2023,kursk,kursk oblast
north ossetia,7698,1507,96,12,3,18,535,77,813,0.19576513380098726,0.10561184723304755,0.06370272063702721,0.007962840079628402,0.0019907100199071004,0.011944260119442602,0.3550099535500995,0.051094890510948905,0.27266091572660917,0.053377500649519356,2023,north ossetia,north ossetia
chukotka,806,196,2,1,2,2,10,86,130,0.24317617866004962,0.16129032258064516,0.01020408163265306,0.00510204081632653,0.01020408163265306,0.01020408163265306,0.05102040816326531,0.4387755102040816,0.17372448979591837,0.04224565756823821,2023,chukotka,chukotka
belgorod,24217,2581,75,26,30,25,539,69,883,0.10657802370235785,0.03646198951150018,0.02905850445563735,0.010073614877954282,0.01162340178225494,0.009686168151879117,0.20883378535451375,0.02673382409918636,0.1608097636574971,0.01713878680265929,2023,belgorod,belgorod oblast
adygeya,5120,705,26,4,0,13,249,8,344,0.1376953125,0.0671875,0.03687943262411347,0.005673758865248227,0.0,0.018439716312056736,0.35319148936170214,0.011347517730496455,0.2500709219858156,0.03443359375,2023,adygeya,adygeya
